{"stats":{"minecraft:killed_by":{"takesapillage:clay_golem":1,"minecraft:vex":1,"grimoireofgaia:harpy":1},"minecraft:custom":{"vampirism:interact_with_altar_of_infusion":5,"minecraft:interact_with_crafting_table":154,"minecraft:open_barrel":77,"minecraft:bell_ring":10,"minecraft:leave_game":71,"minecraft:time_since_death":12368,"minecraft:damage_blocked_by_shield":19623,"vampirism:interact_with_coffin":9,"tombstone:eaten_lollipop":2,"minecraft:play_time":2014524,"minecraft:deaths":75,"minecraft:jump":10232,"minecraft:interact_with_furnace":170,"minecraft:traded_with_villager":2,"vampirism:action_used_bat":50,"minecraft:sleep_in_bed":85,"vampirism:actions_used":75,"minecraft:waystone_activated":11,"vampirism:action_used_regen":15,"minecraft:damage_dealt":102042,"tombstone:undead_killed":120,"minecraft:interact_with_anvil":5,"minecraft:inspect_hopper":2,"vampirism:action_time_bat":40587,"vampirism:amount_bitten":180,"vampirism:action_time_regen":5959,"vampirism:infected_creatures":1,"minecraft:sneak_time":62354,"minecraft:total_world_time":2014524,"vampirism:blood_drunk":69900,"vampirism:win_village_capture":1,"tombstone:raider_killed":49,"minecraft:interact_with_stonecutter":4,"minecraft:time_since_rest":5758,"vampirism:resurrected":15,"minecraft:swim_one_cm":88125,"minecraft:fly_one_cm":2286270,"minecraft:open_chest":1165,"minecraft:fall_one_cm":293567,"minecraft:animals_bred":2,"vampirism:action_time_vampire_rage":5106,"minecraft:damage_resisted":92,"minecraft:sprint_one_cm":1374851,"minecraft:drop":84,"vampirism:interact_with_totem":2,"minecraft:talked_to_villager":13,"minecraft:interact_with_brewingstand":4,"minecraft:walk_on_water_one_cm":20307,"vampirism:altar_of_inspiration_rituals_performed":19,"minecraft:crouch_one_cm":80440,"tombstone:villager_killed":1,"vampirism:action_used_infect":1,"minecraft:mob_kills":434,"minecraft:damage_dealt_resisted":8286,"minecraft:climb_one_cm":165661,"minecraft:walk_one_cm":3069369,"vampirism:skills_unlocked":159,"vampirism:interact_with_altar_inspiration":47,"minecraft:walk_under_water_one_cm":16587,"minecraft:interact_with_grindstone":1,"minecraft:damage_taken":2628756,"vampirism:action_used_vampire_rage":9,"vampirism:defend_village":1},"minecraft:dropped":{"sophisticatedbackpacks:iron_backpack":1,"butchersdelight:dead_cow":1,"minecraft:glass_bottle":1,"improvableskills:parchment_fragment":1,"born_in_chaos_v1:nightmare_claw":1,"minecraft:dirt":12,"irons_spellbooks:arcane_essence":24,"minecraft:gold_nugget":1,"minecraft:mangrove_slab":3,"minecraft:bone":4,"minecraft:stone_axe":1,"minecraft:birch_sapling":1,"minecraft:wheat":1,"minecraft:rotten_flesh":1,"minecraft:white_bed":1,"evilcraft:flesh_humanoid":3,"born_in_chaos_v1:marigolds":1,"minecraft:iron_ingot":2,"minecraft:wheat_seeds":4,"born_in_chaos_v1:mesh_door":1,"born_in_chaos_v1:holiday_candy":6,"minecraft:cobblestone":8,"skilltree:gem":7,"minecraft:potion":3,"werewolves:liver":1,"minecraft:string":7,"minecraft:spruce_sapling":2,"simplefarming:tomato_seeds":1,"minecraft:white_carpet":2,"bossominium:vex_wing":1,"minecraft:spruce_boat":1,"minecraft:allium":1,"minecraft:sandstone":4,"minecraft:candle":2,"vampirism:blood_bottle":3,"born_in_chaos_v1:corpse_maggot":6,"minecraft:stripped_spruce_log":2,"minecraft:poisonous_potato":1,"minecraft:stick":9,"minecraft:brown_wool":1,"tombstone:grave_dust":4,"minecraft:iron_axe":3,"irons_spellbooks:frozen_bone":4,"minecraft:light_gray_wool":1,"minecraft:filled_map":1,"minecraft:shield":1,"minecraft:oak_sapling":1,"minecraft:stone_pickaxe":2,"simplefarming:eggplant_seeds":1},"minecraft:used":{"irons_spellbooks:inscription_table":2,"minecraft:writable_book":1,"minecraft:spruce_slab":74,"sophisticatedbackpacks:copper_backpack":1,"minecraft:ladder":1,"vampirism:altar_infusion":2,"minecraft:chest":17,"minecraft:rotten_flesh":1,"minecraft:stripped_spruce_log":1,"minecraft:spruce_boat":1,"friendsandfoes:totem_of_illusion":1,"minecraft:dark_oak_slab":1,"minecraft:stone_brick_stairs":2,"minecraft:bow":117,"minecraft:furnace":9,"minecraft:potato":3,"atlantis:ancient_metal_ore":1,"minecraft:mossy_stone_bricks":2,"minecraft:cow_spawn_egg":5,"minecraft:spruce_door":3,"upgrade_aquatic:mulberry":4,"minecraft:wooden_pickaxe":59,"vampirism:human_heart":3,"born_in_chaos_v1:holiday_candy":2,"minecraft:deepslate_tiles":3,"born_in_chaos_v1:monster_flesh":1,"minecraft:soul_lantern":4,"vampirism:dark_stone_bricks":2,"minecraft:iron_bars":2,"minecraft:stone_sword":130,"born_in_chaos_v1:ethereal_spirit":1,"minecraft:torch":40,"minecraft:brewing_stand":3,"butchersdelight:cleaver":13,"minecraft:iron_axe":1038,"minecraft:barrel":28,"undead_revamp2:huntereye":1,"tombstone:gift":12,"minecraft:golden_axe":12,"vampirism:altar_inspiration":1,"minecraft:cauldron":1,"minecraft:leather_boots":1,"simplefarming:pear":10,"minecraft:cracked_stone_bricks":3,"minecraft:mossy_cobblestone":15,"minecraft:crafting_table":18,"minecraft:white_bed":24,"minecraft:spruce_log":3,"minecraft:iron_pickaxe":971,"minecraft:suspicious_stew":1,"minecraft:spruce_trapdoor":28,"minecraft:spruce_sapling":39,"vampirism:altar_tip":7,"werewolves:liver":7,"minecraft:cobblestone":135,"minecraft:black_candle":8,"quark:oak_chest":16,"minecraft:candle":16,"minecraft:purple_candle":5,"minecraft:iron_shovel":730,"minecraft:shield":328,"minecraft:iron_sword":420,"tombstone:lollipop":2,"grimoireofgaia:soulfire":3,"minecraft:iron_chestplate":1,"vampirism:coffin_white":2,"simplefarming:mango":19,"minecraft:carrot":20,"simplefarming:blueberries":2,"simplefarming:raspberries":34,"vampirism:item_tent":1,"born_in_chaos_v1:gnawed_bones":2,"minecraft:stone_bricks":12,"minecraft:item_frame":1,"minecraft:golden_sword":32,"minecraft:red_carpet":6,"grimoireofgaia:meat":3,"minecraft:dark_oak_stairs":1,"minecraft:stone_pickaxe":68,"minecraft:sandstone":21,"simplefarming:strawberries":17,"ironchest:copper_chest":5,"waystones:waystone":8,"quark:hollow_oak_log":4,"minecraft:dark_oak_log":3,"minecraft:bread":8,"minecraft:cyan_bed":7,"vampirism:altar_pillar":12,"tombstone:grave_key":35,"born_in_chaos_v1:mesh_door":2,"minecraft:bone_meal":134,"minecraft:experience_bottle":1,"minecraft:oak_fence":10,"minecraft:flint_and_steel":64,"minecraft:spruce_planks":84,"minecraft:dirt":247,"minecraft:white_carpet":8,"minecraft:hopper":28,"minecraft:dark_oak_planks":34,"alexsmobs:maggot":2,"minecraft:wooden_axe":45,"quark:spruce_chest":69,"minecraft:red_candle":2,"evilcraft:flesh_humanoid":1,"minecraft:light_gray_wool":2,"ironchest:gold_chest":2,"minecraft:pumpkin":2,"minecraft:amethyst_block":1,"minecraft:cobblestone_stairs":5,"minecraft:stonecutter":1,"simplefarming:blackberries":2,"minecraft:infested_stone_bricks":1,"tombstone:bag_of_seeds":4,"minecraft:flower_pot":3,"minecraft:map":1,"minecraft:stone_axe":165,"takesapillage:ravager_horn":1},"minecraft:crafted":{"born_in_chaos_v1:death_totem":1,"minecraft:glass":492,"sophisticatedbackpacks:copper_backpack":1,"born_in_chaos_v1:transformative_flower":1,"minecraft:golden_axe":1,"minecraft:glass_bottle":82,"blue_skies:blue_journal":1,"minecraft:spruce_door":6,"minecraft:copper_ingot":40,"minecraft:iron_pickaxe":3,"minecraft:gold_ingot":15,"minecraft:bone_meal":50,"minecraft:spruce_fence":2,"born_in_chaos_v1:scorched_log":3,"born_in_chaos_v1:pieceofdarkmetal":9,"born_in_chaos_v1:stimulating_bomb":1,"minecraft:spruce_slab":50,"minecraft:stone_pickaxe":1,"minecraft:spruce_boat":1,"quark:spruce_chest":46,"minecraft:dark_oak_planks":23,"minecraft:wheat":38,"ironchest:gold_chest":1,"minecraft:crossbow":3,"born_in_chaos_v1:smoldering_scorched_log":3,"sophisticatedbackpacks:gold_backpack":1,"minecraft:wooden_axe":3,"minecraft:iron_shovel":3,"minecraft:iron_leggings":2,"minecraft:white_bed":2,"irons_spellbooks:inscription_table":1,"minecraft:oak_planks":1,"minecraft:stone":4,"quark:cherry_chest":2,"minecraft:hopper":16,"minecraft:iron_boots":1,"minecraft:raw_copper":5,"improvableskills:skills_book":1,"vampirism:altar_inspiration":1,"minecraft:golden_sword":1,"born_in_chaos_v1:pileof_dark_metal":4,"minecraft:item_frame":1,"sophisticatedbackpacks:backpack":1,"minecraft:crafting_table":8,"minecraft:spruce_planks":321,"minecraft:wooden_pickaxe":1,"minecraft:iron_helmet":1,"minecraft:gold_block":14,"butchersdelight:cleaver":1,"born_in_chaos_v1:intoxicatind_bomb":1,"vampiresneedumbrellas:gold_umbrella_rod":3,"vampiresneedumbrellas:yellow_gold_umbrella":1,"minecraft:spruce_trapdoor":14,"minecraft:iron_chestplate":1,"minecraft:shield":10,"minecraft:stick":38,"minecraft:iron_ingot":76,"vampirism:coffin_white":1,"minecraft:stone_sword":1,"minecraft:cherry_planks":7,"minecraft:coal":1,"minecraft:furnace":6,"blue_skies:zeal_lighter":1,"quark:dark_oak_chest":7,"minecraft:leather":2,"minecraft:iron_axe":6,"vampiresneedumbrellas:light_gray_gold_umbrella":1,"sophisticatedbackpacks:iron_backpack":1,"minecraft:iron_sword":2,"ironchest:copper_chest":2,"minecraft:stone_axe":2,"minecraft:air":1754,"minecraft:bread":91,"vampirism:altar_pillar":4,"vampirism:blood_container":1,"minecraft:torch":4,"ironchest:iron_chest":1},"minecraft:killed":{"vampirism:vampire":2,"minecraft:cave_spider":5,"vampirism:advanced_vampire":1,"born_in_chaos_v1:zombie_lumberjack":5,"born_in_chaos_v1:restless_spirit":1,"born_in_chaos_v1:door_knight_not_despawn":2,"irons_spellbooks:cryomancer":1,"born_in_chaos_v1:baby_skeleton_minion":2,"undead_revamp2:theswarmer":1,"minecraft:skeleton":26,"vampirism:task_master_hunter":3,"born_in_chaos_v1:skeleton_thrasher":4,"vampirism:advanced_hunter":4,"born_in_chaos_v1:supreme_bonescaller_stage_2":1,"irons_spellbooks:archevoker":1,"grimoireofgaia:banshee":3,"golems:golem":1,"minecraft:pillager":35,"minecraft:zombie":28,"born_in_chaos_v1:corpse_fly":6,"enemyexpansion:botfly":14,"born_in_chaos_v1:door_knight":1,"undead_revamp2:thehunter":2,"alexsmobs:raccoon":1,"minecraft:vindicator":5,"illagerinvasion:marauder":7,"born_in_chaos_v1:bone_imp_minion":14,"undead_revamp2:the_moonflower":4,"minecraft:ravager":1,"born_in_chaos_v1:decrepit_skeleton":8,"grimoireofgaia:mummy":1,"born_in_chaos_v1:lifestealer_true_form":1,"undead_revamp2:thewolf":1,"alexsmobs:hummingbird":1,"irons_spellbooks:priest":1,"minecraft:spider":56,"undead_revamp2:thesmoker":2,"grimoireofgaia:minotaurus":5,"born_in_chaos_v1:scarlet_persecutor":6,"grimoireofgaia:goblin":2,"minecraft:bee":1,"minecraft:silverfish":4,"minecraft:illusioner":1,"grimoireofgaia:gravemite":8,"minecraft:creeper":1,"vampirism:hunter":36,"minecraft:sheep":8,"born_in_chaos_v1:dread_hound":1,"vampirism_integrations:female_villager_mca_angry":1,"minecraft:stray":5,"grimoireofgaia:harpy":6,"alexsmobs:fly":1,"enemyexpansion:wasp":1,"minecraft:vex":6,"endermanoverhaul:flower_fields_enderman":1,"grimoireofgaia:satyress":2,"born_in_chaos_v1:zombie_clown_not_despawn":2,"enemyexpansion:direwolf":2,"born_in_chaos_v1:maggot":12,"takesapillage:clay_golem":1,"alexsmobs:bison":1,"born_in_chaos_v1:corpse_fish":4,"undead_revamp2:thehorrors":1,"undead_revamp2:sucker":1,"born_in_chaos_v1:fallen_chaos_knight":1,"grimoireofgaia:dullahan":11,"grimoireofgaia:gryphon":2,"born_in_chaos_v1:baby_skeleton":1,"born_in_chaos_v1:swarmer":1,"alexsmobs:emu":1,"born_in_chaos_v1:bonescaller_not_despawn":1,"born_in_chaos_v1:nightmare_stalker":3,"born_in_chaos_v1:decaying_zombie_not_despawn":1},"minecraft:mined":{"minecraft:dark_oak_planks":9,"minecraft:white_bed":20,"minecraft:cherry_log":3,"born_in_chaos_v1:dark_metal_deposit":10,"minecraft:stone_brick_wall":39,"minecraft:yellow_carpet":2,"minecraft:hopper":12,"ironchest:copper_chest":4,"minecraft:spawner":11,"minecraft:weeping_vines_plant":1,"minecraft:tall_seagrass":1,"minecraft:magma_block":15,"minecraft:mossy_cobblestone_stairs":1,"minecraft:dark_oak_trapdoor":6,"minecraft:fire":19,"minecraft:sticky_piston":1,"minecraft:barrel":43,"ironchest:gold_chest":1,"minecraft:pumpkin":2,"minecraft:moss_carpet":1,"realmrpg_skeletons:devastated_skeleton":1,"minecraft:dirt_path":4,"minecraft:iron_block":2,"minecraft:blue_wall_banner":1,"minecraft:brown_mushroom":1,"minecraft:crimson_nylium":1,"minecraft:torch":19,"born_in_chaos_v1:scorched_planks":2,"minecraft:blast_furnace":3,"born_in_chaos_v1:scorched_planks_slab":1,"minecraft:cyan_bed":7,"minecraft:amethyst_block":1,"minecraft:chain":12,"born_in_chaos_v1:black_argillite_brick":10,"minecraft:stone_brick_stairs":2,"minecraft:grass":156,"minecraft:loom":1,"upgrade_aquatic:beachgrass":22,"minecraft:stonecutter":1,"born_in_chaos_v1:infernal_evil_pumpkin_s":1,"minecraft:deepslate_tiles":4,"minecraft:mossy_cobblestone":40,"quark:shale":4,"minecraft:dark_oak_log":23,"minecraft:purple_candle":4,"minecraft:dark_oak_fence":4,"minecraft:spruce_fence":2,"born_in_chaos_v1:black_argillite":19,"minecraft:redstone_wire":1,"atlantis:deepslate_ancient_metal_ore":1,"born_in_chaos_v1:gnawed_bones":2,"realmrpg_skeletons:cactus_skeleton":1,"simplefarming:mango_leaves":1,"vampirism:altar_infusion":2,"minecraft:vine":4,"irons_spellbooks:inscription_table":2,"minecraft:bone_block":4,"minecraft:white_wool":8,"minecraft:oak_slab":2,"minecraft:birch_stairs":1,"quark:oak_chest":17,"minecraft:stone_brick_slab":1,"minecraft:dandelion":10,"minecraft:emerald_ore":3,"vampirism:coffin_white":1,"minecraft:tall_grass":55,"minecraft:copper_ore":21,"minecraft:coarse_dirt":4,"minecraft:white_carpet":22,"minecraft:spruce_log":11,"minecraft:birch_leaves":15,"born_in_chaos_v1:black_argillitepressureplate":1,"minecraft:sunflower":9,"minecraft:gravel":3,"minecraft:cobweb":27,"atlantis:ancient_metal_ore":33,"minecraft:stone_bricks":36,"vampirism:altar_tip":7,"undead_revamp2:arapholia":1,"minecraft:spruce_planks":38,"minecraft:mossy_stone_brick_slab":1,"minecraft:cobblestone_stairs":7,"minecraft:brewing_stand":3,"minecraft:spruce_trapdoor":3,"minecraft:grass_block":93,"minecraft:infested_cobblestone":1,"minecraft:iron_ore":52,"born_in_chaos_v1:black_argillite_brick_stairs":8,"minecraft:black_carpet":2,"vampirism:tent":4,"minecraft:dark_oak_stairs":13,"realmrpg_skeletons:rookie_skeleton":1,"minecraft:iron_bars":19,"minecraft:black_candle":3,"simplefarming:fruit_log":1,"sophisticatedbackpacks:copper_backpack":1,"minecraft:spruce_slab":54,"upgrade_aquatic:tall_beachgrass":21,"minecraft:soul_lantern":2,"minecraft:chest":27,"born_in_chaos_v1:black_argillite_column_slab":4,"minecraft:cobblestone":64,"minecraft:wall_torch":9,"minecraft:cauldron":2,"minecraft:deepslate_copper_ore":8,"minecraft:seagrass":1,"minecraft:light_blue_terracotta":1,"minecraft:red_candle":1,"realmrpg_skeletons:bow_skeleton":4,"minecraft:dark_oak_slab":3,"born_in_chaos_v1:tombstone_dark_titan_066":1,"born_in_chaos_v1:fired_black_argillite":10,"minecraft:blue_ice":1,"minecraft:light_gray_wool":2,"minecraft:oak_log":1,"minecraft:diorite_wall":4,"minecraft:sand":508,"minecraft:dirt":181,"quark:hollow_oak_log":8,"structure_gel:dynamic_spawner":7,"minecraft:raw_copper_block":5,"born_in_chaos_v1:black_argillite_wall":1,"minecraft:netherrack":2,"minecraft:oak_leaves":39,"vampirism:dark_stone_bricks":2,"minecraft:red_carpet":10,"minecraft:candle":8,"minecraft:mangrove_roots":2,"vampirism:altar_pillar":8,"minecraft:glow_lichen":1,"minecraft:ladder":1,"minecraft:decorated_pot":1,"minecraft:weeping_vines":1,"minecraft:soul_campfire":1,"minecraft:spruce_leaves":69,"minecraft:sandstone":26,"quark:jasper":3,"minecraft:large_fern":3,"minecraft:hay_block":46,"born_in_chaos_v1:black_argillite_column":1,"minecraft:diorite_slab":5,"minecraft:spruce_sapling":4,"minecraft:furnace":3,"minecraft:stripped_spruce_log":3,"evilcraft:dark_ore":3,"minecraft:gold_block":12,"minecraft:bookshelf":9,"minecraft:packed_ice":14,"butchersdelight:deadllamablock":1,"minecraft:stone":274,"simplefarming:strawberry_bush":1,"minecraft:pink_terracotta":1,"born_in_chaos_v1:mesh_door":2,"born_in_chaos_v1:marigolds":1,"minecraft:infested_stone_bricks":1,"born_in_chaos_v1:scorched_planks_fence":3,"minecraft:stripped_dark_oak_log":5,"vampirism:tent_main":3,"minecraft:spruce_door":2,"minecraft:crafting_table":13,"minecraft:lectern":1,"minecraft:stone_slab":1,"born_in_chaos_v1:chipped_black_argillite_brick":1,"minecraft:birch_planks":1,"minecraft:ice":1,"minecraft:mangrove_planks":1,"minecraft:mangrove_slab":3,"minecraft:coal_ore":179,"quark:spruce_chest":32,"minecraft:flower_pot":3,"minecraft:cracked_stone_bricks":15,"minecraft:mossy_stone_bricks":7},"minecraft:broken":{"minecraft:golden_boots":1,"minecraft:iron_boots":2,"minecraft:iron_chestplate":2,"minecraft:iron_leggings":2,"takesapillage:ravager_horn":1,"minecraft:golden_sword":1,"minecraft:iron_sword":2,"minecraft:stone_sword":1,"vampiresneedumbrellas:yellow_gold_umbrella":1,"minecraft:chainmail_helmet":1,"minecraft:wooden_pickaxe":1,"minecraft:shield":7,"minecraft:iron_axe":5,"minecraft:iron_pickaxe":3,"minecraft:iron_helmet":2,"minecraft:iron_shovel":2,"minecraft:stone_axe":2,"minecraft:wooden_axe":1,"minecraft:flint_and_steel":1,"minecraft:leather_chestplate":1,"minecraft:golden_axe":1,"minecraft:leather_boots":1},"minecraft:picked_up":{"minecraft:iron_chestplate":2,"minecraft:chainmail_boots":1,"minecraft:flower_pot":4,"minecraft:lead":2,"minecraft:stone_slab":1,"irons_spellbooks:holy_rune":1,"minecraft:enchanted_book":4,"atlantis:atlantean_fire_melon_fruit_seeds":1,"minecraft:brewing_stand":3,"minecraft:amethyst_block":1,"minecraft:dark_oak_trapdoor":5,"minecraft:string":111,"simplefarming:zucchini_seeds":1,"born_in_chaos_v1:mesh_door":4,"alexsmobs:emu_feather":2,"minecraft:gold_nugget":10,"minecraft:spruce_planks":83,"irons_spellbooks:blank_rune":1,"upgrade_aquatic:mulberry":2,"minecraft:coal_block":1,"born_in_chaos_v1:shattered_skull":2,"werewolves:liver":9,"born_in_chaos_v1:pileof_dark_metal":3,"simplefarming:raspberries":34,"minecraft:cherry_log":14,"ironchest:gold_chest":1,"vampirism:amulet":2,"born_in_chaos_v1:black_argillite_brick_stairs":7,"minecraft:pink_terracotta":1,"minecraft:cauldron":2,"vampirism:blood_bottle":3,"minecraft:iron_block":4,"tombstone:scroll_of_aquatic_life":1,"born_in_chaos_v1:cultivated_pumpkin":1,"minecraft:blaze_rod":7,"minecraft:iron_bars":14,"minecraft:snowball":5,"minecraft:magma_block":20,"minecraft:feather":22,"born_in_chaos_v1:spiritual_dust":5,"minecraft:brown_wool":3,"ironchest:copper_chest":4,"minecraft:flint":11,"butchersdelight:deadpig":10,"minecraft:mangrove_slab":3,"born_in_chaos_v1:marigolds":2,"minecraft:stonecutter":1,"vampirism:altar_pillar":8,"simplefarming:kenaf_seeds":1,"simplefarming:lettuce_seeds":1,"simplefarming:tomato_seeds":1,"irons_spellbooks:legendary_ink":1,"minecraft:stripped_spruce_log":4,"sophisticatedbackpacks:iron_backpack":2,"minecraft:loom":1,"minecraft:fermented_spider_eye":2,"minecraft:dark_oak_log":23,"minecraft:barrel":42,"minecraft:bundle":2,"irons_spellbooks:ice_rune":1,"minecraft:writable_book":1,"minecraft:chainmail_helmet":1,"minecraft:bread":23,"minecraft:blue_banner":1,"alexsmobs:maggot":4,"born_in_chaos_v1:rotten_fish":4,"minecraft:light_gray_carpet":3,"simplefarming:cassava_seeds":2,"minecraft:dark_oak_fence":4,"minecraft:crimson_roots":1,"minecraft:crafting_table":13,"minecraft:coarse_dirt":4,"minecraft:nether_wart":2,"minecraft:clay_ball":5,"born_in_chaos_v1:seedof_chaos":7,"born_in_chaos_v1:serpumpkinhead_m":1,"friendsandfoes:totem_of_illusion":1,"born_in_chaos_v1:fired_black_argillite":10,"born_in_chaos_v1:black_argillite_column":1,"simplefarming:mango":23,"born_in_chaos_v1:intoxicating_decoction":9,"minecraft:white_carpet":21,"born_in_chaos_v1:black_argillite_brick":10,"butchersdelight:dead_cow":30,"minecraft:cracked_stone_bricks":15,"quark:spruce_chest":32,"minecraft:beef":35,"born_in_chaos_v1:gnawed_bones":2,"minecraft:iron_nugget":47,"minecraft:spruce_slab":45,"minecraft:chest":27,"minecraft:birch_sapling":1,"minecraft:raw_copper_block":5,"minecraft:sandstone":26,"born_in_chaos_v1:pieceofdarkmetal":32,"minecraft:carrot":6,"minecraft:redstone":16,"simplefarming:eggplant_seeds":1,"irons_spellbooks:evocation_rune":1,"butchersdelight:deadsheep":23,"minecraft:decorated_pot":1,"minecraft:beetroot_seeds":37,"simplefarming:strawberries":20,"minecraft:hay_block":48,"minecraft:gold_ingot":37,"sophisticatedbackpacks:copper_backpack":1,"minecraft:mutton":10,"minecraft:glow_berries":2,"minecraft:white_wool":22,"minecraft:bone_block":4,"minecraft:rail":8,"born_in_chaos_v1:black_argillite_column_slab":4,"vampirism:vampire_blood_bottle":1,"simplefarming:soybean_seeds":1,"vampirism:item_tent":3,"born_in_chaos_v1:monster_flesh":16,"minecraft:tripwire_hook":1,"minecraft:filled_map":2,"minecraft:oak_log":1,"minecraft:golden_boots":1,"simplefarming:broccoli_seeds":1,"minecraft:paper":44,"minecraft:white_banner":2,"quark:ravager_hide":1,"minecraft:apple":20,"minecraft:stone_bricks":40,"irons_spellbooks:blood_vial":1,"born_in_chaos_v1:smoked_flesh":16,"minecraft:stone_pickaxe":1,"minecraft:cobweb":37,"tombstone:bag_of_seeds":4,"minecraft:glass_bottle":6,"minecraft:mangrove_planks":1,"minecraft:iron_sword":3,"minecraft:dark_oak_stairs":10,"minecraft:dark_oak_slab":2,"minecraft:sweet_berries":6,"born_in_chaos_v1:orbofthe_summoner":1,"born_in_chaos_v1:ethereal_spirit":8,"simplefarming:blueberries":2,"minecraft:gravel":1,"minecraft:birch_stairs":1,"minecraft:spruce_sapling":42,"minecraft:spruce_log":260,"minecraft:leather_helmet":1,"minecraft:infested_stone_bricks":3,"minecraft:stone_axe":1,"vampirism:dark_stone_bricks":2,"minecraft:gray_wool":1,"minecraft:melon_seeds":8,"minecraft:stripped_dark_oak_log":5,"minecraft:ender_pearl":6,"vampirism:coffin_white":1,"minecraft:hopper":12,"irons_spellbooks:scroll":10,"minecraft:black_carpet":2,"minecraft:wheat":62,"illagerinvasion:platinum_chunk":15,"quark:hollow_oak_log":8,"minecraft:potion":8,"minecraft:stone_brick_stairs":3,"born_in_chaos_v1:black_argillite_wall":1,"vampirism:pure_salt_water":1,"born_in_chaos_v1:holiday_candy":8,"born_in_chaos_v1:black_argillite":18,"minecraft:raw_copper":97,"minecraft:red_candle":2,"minecraft:armor_stand":2,"born_in_chaos_v1:dark_upgrade":1,"minecraft:sticky_piston":1,"minecraft:experience_bottle":3,"atlantis:ancient_metal_ore":31,"irons_spellbooks:arcane_essence":84,"minecraft:deepslate_tiles":3,"minecraft:redstone_torch":4,"minecraft:iron_pickaxe":1,"alexsmobs:raccoon_tail":1,"born_in_chaos_v1:stimulating_decoction":3,"irons_spellbooks:inscription_table":2,"simplefarming:spinach_seeds":1,"minecraft:furnace":3,"minecraft:tipped_arrow":1,"minecraft:stick":36,"improvableskills:parchment_fragment":6,"minecraft:torch":31,"minecraft:porkchop":4,"vampirism:holy_water_bottle_enhanced":1,"irons_spellbooks:furled_map":1,"tombstone:grave_dust":25,"vampirism:vampire_fang":1,"born_in_chaos_v1:nightmare_claw":5,"minecraft:goat_horn":2,"tombstone:lollipop":2,"minecraft:rotten_flesh":124,"minecraft:mangrove_roots":2,"minecraft:cobblestone":336,"vampirism:vampire_book":1,"born_in_chaos_v1:mint_ice_cream":2,"minecraft:potato":8,"evilcraft:flesh_humanoid":4,"undead_revamp2:huntereye":1,"skilltree:gem":38,"minecraft:lapis_lazuli":6,"minecraft:dirt":282,"born_in_chaos_v1:monster_skin":8,"minecraft:bone":86,"minecraft:bow":3,"minecraft:wheat_seeds":142,"minecraft:raw_gold":1,"minecraft:mossy_stone_bricks":7,"minecraft:bamboo":6,"minecraft:oak_planks":2,"minecraft:diorite_wall":4,"irons_spellbooks:frozen_bone":27,"quark:shale":4,"minecraft:poisonous_potato":1,"butchersdelight:cow_hide":14,"minecraft:sand":502,"minecraft:cyan_bed":7,"minecraft:mossy_cobblestone":39,"born_in_chaos_v1:fire_dust":7,"minecraft:sugar":6,"minecraft:yellow_carpet":4,"minecraft:light_blue_terracotta":1,"minecraft:diamond":5,"minecraft:spruce_boat":1,"irons_spellbooks:divine_pearl":7,"minecraft:soul_lantern":4,"waystones:waystone":9,"born_in_chaos_v1:scorched_planks_fence":3,"minecraft:crossbow":6,"minecraft:bone_meal":3,"minecraft:golden_apple":1,"werewolves:cracked_bone":1,"butchersdelight:deadllama":7,"minecraft:emerald":57,"minecraft:oak_sapling":1,"irons_spellbooks:uncommon_ink":8,"minecraft:netherrack":1,"minecraft:allium":1,"minecraft:azure_bluet":2,"grimoireofgaia:soulfire":15,"minecraft:ladder":2,"minecraft:rabbit_stew":2,"minecraft:brown_mushroom":13,"minecraft:gold_block":13,"minecraft:stone_brick_wall":38,"minecraft:diorite_slab":5,"minecraft:chain":11,"minecraft:shield":1,"minecraft:moss_carpet":1,"minecraft:iron_axe":5,"takesapillage:ravager_horn":1,"minecraft:candle":18,"simplefarming:oat_seeds":1,"born_in_chaos_v1:scorched_planks":2,"irons_spellbooks:epic_ink":1,"minecraft:lectern":1,"bossominium:vex_wing":7,"minecraft:light_gray_wool":3,"irons_spellbooks:lightning_bottle":4,"tombstone:tablet_of_assistance":1,"simplefarming:barley_seeds":1,"minecraft:spruce_trapdoor":3,"minecraft:phantom_membrane":9,"born_in_chaos_v1:scorched_planks_slab":1,"minecraft:raw_iron":57,"simplefarming:pear":36,"grimoireofgaia:meat":7,"simplefarming:cantaloupe_seeds":1,"minecraft:copper_ingot":3,"minecraft:bowl":3,"minecraft:iron_horse_armor":1,"tombstone:scroll_of_purification":1,"minecraft:dark_oak_planks":7,"minecraft:purple_candle":5,"minecraft:arrow":64,"minecraft:weeping_vines":1,"simplefarming:ginger_seeds":1,"minecraft:saddle":3,"minecraft:skeleton_skull":1,"born_in_chaos_v1:corpse_maggot":4,"minecraft:leather":17,"minecraft:birch_planks":1,"minecraft:ice":21,"minecraft:crimson_fungus":32,"minecraft:chainmail_chestplate":2,"minecraft:gunpowder":15,"minecraft:cobblestone_stairs":7,"irons_spellbooks:rare_ink":5,"irons_spellbooks:common_ink":3,"minecraft:red_carpet":10,"vampirism:human_heart":11,"minecraft:gray_carpet":2,"minecraft:iron_ingot":36,"vampirism:holy_water_bottle_ultimate":1,"minecraft:soul_sand":2,"minecraft:book":46,"minecraft:oak_slab":1,"minecraft:black_candle":8,"simplefarming:rice_seeds":1,"minecraft:warped_fungus":3,"minecraft:pumpkin":2,"born_in_chaos_v1:lifestealer_bone":5,"minecraft:stone_brick_slab":1,"born_in_chaos_v1:black_argillitepressureplate":1,"minecraft:dandelion":10,"born_in_chaos_v1:dark_rod":2,"minecraft:amethyst_shard":3,"minecraft:blast_furnace":3,"minecraft:white_bed":21,"vampirism:altar_infusion":2,"minecraft:spruce_door":2,"quark:oak_chest":18,"minecraft:mossy_stone_brick_slab":1,"minecraft:spider_eye":12,"simplefarming:blackberries":2,"butchersdelight:sheephide":10,"minecraft:pumpkin_seeds":43,"atlantis:deepslate_ancient_metal_ore":1,"simplefarming:strawberry_bush":1,"vampirism:altar_tip":7,"minecraft:chainmail_leggings":1,"evilcraft:dark_gem":14,"minecraft:iron_helmet":1,"minecraft:cherry_sapling":1,"minecraft:mossy_cobblestone_stairs":1,"born_in_chaos_v1:tombstone_dark_titan_066":1,"tombstone:magic_scroll":3,"minecraft:black_wool":1,"minecraft:coal":237,"minecraft:sunflower":8}},"DataVersion":3465}