{"stats":{"minecraft:killed_by":{"minecraft:vex":1},"minecraft:custom":{"vampirism:interact_with_altar_of_infusion":5,"minecraft:interact_with_crafting_table":138,"minecraft:open_barrel":68,"minecraft:bell_ring":9,"minecraft:leave_game":68,"minecraft:time_since_death":99141,"minecraft:damage_blocked_by_shield":16015,"vampirism:interact_with_coffin":7,"minecraft:play_time":1772806,"minecraft:deaths":65,"minecraft:jump":9184,"minecraft:interact_with_furnace":169,"minecraft:traded_with_villager":2,"vampirism:action_used_bat":26,"minecraft:sleep_in_bed":80,"vampirism:actions_used":41,"vampirism:action_used_regen":8,"minecraft:waystone_activated":10,"minecraft:damage_dealt":78431,"tombstone:undead_killed":96,"minecraft:interact_with_anvil":2,"minecraft:inspect_hopper":1,"vampirism:action_time_bat":25605,"vampirism:amount_bitten":179,"vampirism:action_time_regen":3192,"minecraft:sneak_time":50577,"minecraft:total_world_time":1772806,"vampirism:blood_drunk":65400,"vampirism:win_village_capture":1,"tombstone:raider_killed":14,"minecraft:interact_with_stonecutter":4,"minecraft:time_since_rest":61594,"vampirism:resurrected":9,"minecraft:swim_one_cm":88125,"minecraft:fly_one_cm":1904555,"minecraft:open_chest":1017,"minecraft:fall_one_cm":254031,"minecraft:animals_bred":2,"vampirism:action_time_vampire_rage":4399,"minecraft:damage_resisted":68,"minecraft:sprint_one_cm":1216624,"vampirism:interact_with_totem":2,"minecraft:drop":81,"minecraft:talked_to_villager":13,"minecraft:interact_with_brewingstand":4,"minecraft:walk_on_water_one_cm":19085,"vampirism:altar_of_inspiration_rituals_performed":19,"minecraft:crouch_one_cm":68386,"tombstone:villager_killed":1,"minecraft:mob_kills":320,"minecraft:damage_dealt_resisted":7154,"minecraft:climb_one_cm":144854,"minecraft:walk_one_cm":2862651,"vampirism:skills_unlocked":105,"vampirism:interact_with_altar_inspiration":47,"minecraft:walk_under_water_one_cm":10382,"minecraft:damage_taken":2368972,"vampirism:action_used_vampire_rage":7,"vampirism:defend_village":1},"minecraft:dropped":{"sophisticatedbackpacks:iron_backpack":1,"butchersdelight:dead_cow":1,"minecraft:glass_bottle":1,"improvableskills:parchment_fragment":1,"born_in_chaos_v1:nightmare_claw":1,"minecraft:dirt":12,"irons_spellbooks:arcane_essence":24,"minecraft:gold_nugget":1,"minecraft:mangrove_slab":3,"minecraft:bone":4,"minecraft:stone_axe":1,"minecraft:wheat":1,"minecraft:birch_sapling":1,"minecraft:rotten_flesh":1,"minecraft:white_bed":1,"evilcraft:flesh_humanoid":3,"born_in_chaos_v1:marigolds":1,"minecraft:iron_ingot":2,"minecraft:wheat_seeds":4,"born_in_chaos_v1:mesh_door":1,"born_in_chaos_v1:holiday_candy":6,"minecraft:cobblestone":8,"skilltree:gem":6,"minecraft:potion":3,"werewolves:liver":1,"minecraft:string":7,"minecraft:spruce_sapling":2,"simplefarming:tomato_seeds":1,"minecraft:white_carpet":2,"bossominium:vex_wing":1,"minecraft:spruce_boat":1,"minecraft:allium":1,"minecraft:sandstone":4,"minecraft:candle":2,"vampirism:blood_bottle":3,"minecraft:stripped_spruce_log":2,"minecraft:poisonous_potato":1,"minecraft:stick":9,"minecraft:brown_wool":1,"tombstone:grave_dust":4,"minecraft:iron_axe":3,"minecraft:light_gray_wool":1,"minecraft:filled_map":1,"minecraft:shield":1,"minecraft:oak_sapling":1,"minecraft:stone_pickaxe":2,"simplefarming:eggplant_seeds":1},"minecraft:used":{"irons_spellbooks:inscription_table":2,"minecraft:writable_book":1,"minecraft:spruce_slab":70,"sophisticatedbackpacks:copper_backpack":1,"minecraft:ladder":1,"vampirism:altar_infusion":2,"minecraft:chest":17,"minecraft:rotten_flesh":1,"minecraft:stripped_spruce_log":1,"minecraft:spruce_boat":1,"friendsandfoes:totem_of_illusion":1,"minecraft:stone_brick_stairs":1,"minecraft:furnace":9,"minecraft:potato":3,"atlantis:ancient_metal_ore":1,"minecraft:mossy_stone_bricks":2,"minecraft:cow_spawn_egg":5,"minecraft:spruce_door":3,"upgrade_aquatic:mulberry":4,"minecraft:wooden_pickaxe":59,"vampirism:human_heart":3,"born_in_chaos_v1:holiday_candy":2,"minecraft:deepslate_tiles":3,"born_in_chaos_v1:monster_flesh":1,"minecraft:soul_lantern":4,"vampirism:dark_stone_bricks":2,"minecraft:iron_bars":2,"minecraft:stone_sword":130,"born_in_chaos_v1:ethereal_spirit":1,"minecraft:torch":40,"minecraft:brewing_stand":3,"butchersdelight:cleaver":13,"minecraft:iron_axe":861,"minecraft:barrel":28,"undead_revamp2:huntereye":1,"tombstone:gift":12,"minecraft:golden_axe":12,"vampirism:altar_inspiration":1,"minecraft:cauldron":1,"minecraft:leather_boots":1,"simplefarming:pear":10,"minecraft:cracked_stone_bricks":3,"minecraft:mossy_cobblestone":15,"minecraft:crafting_table":18,"minecraft:white_bed":24,"minecraft:spruce_log":3,"minecraft:iron_pickaxe":902,"minecraft:suspicious_stew":1,"minecraft:spruce_trapdoor":28,"minecraft:spruce_sapling":39,"vampirism:altar_tip":7,"werewolves:liver":6,"minecraft:cobblestone":69,"minecraft:black_candle":8,"quark:oak_chest":16,"minecraft:candle":16,"minecraft:purple_candle":5,"minecraft:iron_shovel":725,"minecraft:shield":269,"minecraft:iron_sword":313,"grimoireofgaia:soulfire":3,"minecraft:iron_chestplate":1,"vampirism:coffin_white":2,"simplefarming:mango":19,"minecraft:carrot":20,"simplefarming:blueberries":2,"simplefarming:raspberries":34,"born_in_chaos_v1:gnawed_bones":2,"minecraft:stone_bricks":4,"minecraft:item_frame":1,"minecraft:golden_sword":32,"minecraft:red_carpet":6,"grimoireofgaia:meat":3,"minecraft:stone_pickaxe":68,"minecraft:sandstone":21,"simplefarming:strawberries":17,"ironchest:copper_chest":5,"waystones:waystone":7,"quark:hollow_oak_log":4,"minecraft:dark_oak_log":3,"minecraft:bread":8,"minecraft:cyan_bed":7,"vampirism:altar_pillar":12,"tombstone:grave_key":31,"born_in_chaos_v1:mesh_door":2,"minecraft:bone_meal":134,"minecraft:experience_bottle":1,"minecraft:oak_fence":10,"minecraft:flint_and_steel":64,"minecraft:spruce_planks":84,"minecraft:dirt":180,"minecraft:white_carpet":8,"minecraft:hopper":22,"minecraft:dark_oak_planks":1,"alexsmobs:maggot":2,"minecraft:wooden_axe":45,"quark:spruce_chest":69,"minecraft:red_candle":2,"evilcraft:flesh_humanoid":1,"minecraft:light_gray_wool":2,"ironchest:gold_chest":2,"minecraft:pumpkin":2,"minecraft:amethyst_block":1,"minecraft:cobblestone_stairs":5,"minecraft:stonecutter":1,"simplefarming:blackberries":2,"minecraft:infested_stone_bricks":1,"tombstone:bag_of_seeds":4,"minecraft:flower_pot":3,"minecraft:map":1,"minecraft:stone_axe":165},"minecraft:crafted":{"minecraft:glass":492,"sophisticatedbackpacks:copper_backpack":1,"born_in_chaos_v1:transformative_flower":1,"minecraft:golden_axe":1,"minecraft:glass_bottle":82,"blue_skies:blue_journal":1,"minecraft:spruce_door":6,"minecraft:copper_ingot":40,"minecraft:iron_pickaxe":3,"minecraft:gold_ingot":14,"minecraft:bone_meal":50,"minecraft:spruce_fence":2,"born_in_chaos_v1:pieceofdarkmetal":9,"born_in_chaos_v1:stimulating_bomb":1,"minecraft:spruce_slab":50,"minecraft:stone_pickaxe":1,"minecraft:spruce_boat":1,"quark:spruce_chest":46,"minecraft:dark_oak_planks":16,"minecraft:wheat":38,"ironchest:gold_chest":1,"sophisticatedbackpacks:gold_backpack":1,"minecraft:wooden_axe":3,"minecraft:iron_shovel":3,"minecraft:iron_leggings":2,"minecraft:white_bed":2,"irons_spellbooks:inscription_table":1,"minecraft:oak_planks":1,"minecraft:stone":4,"quark:cherry_chest":2,"minecraft:hopper":10,"minecraft:iron_boots":1,"improvableskills:skills_book":1,"vampirism:altar_inspiration":1,"minecraft:golden_sword":1,"born_in_chaos_v1:pileof_dark_metal":2,"minecraft:item_frame":1,"sophisticatedbackpacks:backpack":1,"minecraft:crafting_table":8,"minecraft:spruce_planks":313,"minecraft:wooden_pickaxe":1,"minecraft:iron_helmet":1,"butchersdelight:cleaver":1,"born_in_chaos_v1:intoxicatind_bomb":1,"vampiresneedumbrellas:gold_umbrella_rod":1,"vampiresneedumbrellas:yellow_gold_umbrella":1,"minecraft:spruce_trapdoor":14,"minecraft:iron_chestplate":1,"minecraft:shield":9,"minecraft:stick":34,"minecraft:iron_ingot":74,"vampirism:coffin_white":1,"minecraft:stone_sword":1,"minecraft:cherry_planks":7,"minecraft:coal":1,"minecraft:furnace":6,"blue_skies:zeal_lighter":1,"quark:dark_oak_chest":7,"minecraft:leather":2,"minecraft:iron_axe":4,"sophisticatedbackpacks:iron_backpack":1,"minecraft:iron_sword":1,"ironchest:copper_chest":2,"minecraft:stone_axe":2,"minecraft:air":1638,"minecraft:bread":91,"vampirism:altar_pillar":4,"vampirism:blood_container":1,"minecraft:torch":4,"ironchest:iron_chest":1},"minecraft:killed":{"vampirism:vampire":2,"minecraft:cave_spider":5,"born_in_chaos_v1:zombie_lumberjack":4,"born_in_chaos_v1:door_knight_not_despawn":2,"irons_spellbooks:cryomancer":1,"born_in_chaos_v1:baby_skeleton_minion":2,"undead_revamp2:theswarmer":1,"minecraft:skeleton":26,"vampirism:task_master_hunter":3,"born_in_chaos_v1:skeleton_thrasher":2,"vampirism:advanced_hunter":4,"born_in_chaos_v1:supreme_bonescaller_stage_2":1,"grimoireofgaia:banshee":3,"golems:golem":1,"minecraft:pillager":4,"minecraft:zombie":15,"born_in_chaos_v1:corpse_fly":1,"enemyexpansion:botfly":7,"undead_revamp2:thehunter":1,"alexsmobs:raccoon":1,"minecraft:vindicator":2,"illagerinvasion:marauder":7,"born_in_chaos_v1:bone_imp_minion":14,"undead_revamp2:the_moonflower":2,"born_in_chaos_v1:decrepit_skeleton":7,"grimoireofgaia:mummy":1,"born_in_chaos_v1:lifestealer_true_form":1,"undead_revamp2:thewolf":1,"alexsmobs:hummingbird":1,"irons_spellbooks:priest":1,"minecraft:spider":47,"undead_revamp2:thesmoker":2,"grimoireofgaia:minotaurus":4,"born_in_chaos_v1:scarlet_persecutor":2,"grimoireofgaia:goblin":2,"minecraft:bee":1,"minecraft:silverfish":4,"minecraft:illusioner":1,"grimoireofgaia:gravemite":8,"minecraft:creeper":1,"vampirism:hunter":27,"minecraft:sheep":8,"born_in_chaos_v1:dread_hound":1,"vampirism_integrations:female_villager_mca_angry":1,"minecraft:stray":5,"grimoireofgaia:harpy":5,"alexsmobs:fly":1,"minecraft:vex":4,"endermanoverhaul:flower_fields_enderman":1,"grimoireofgaia:satyress":2,"born_in_chaos_v1:zombie_clown_not_despawn":2,"enemyexpansion:direwolf":2,"born_in_chaos_v1:maggot":6,"takesapillage:clay_golem":1,"born_in_chaos_v1:corpse_fish":4,"undead_revamp2:thehorrors":1,"undead_revamp2:sucker":1,"grimoireofgaia:dullahan":6,"grimoireofgaia:gryphon":1,"alexsmobs:emu":1,"born_in_chaos_v1:bonescaller_not_despawn":1,"born_in_chaos_v1:nightmare_stalker":3,"born_in_chaos_v1:decaying_zombie_not_despawn":1},"minecraft:mined":{"minecraft:dark_oak_planks":4,"minecraft:white_bed":20,"minecraft:cherry_log":3,"born_in_chaos_v1:dark_metal_deposit":10,"minecraft:stone_brick_wall":39,"minecraft:yellow_carpet":2,"minecraft:hopper":12,"ironchest:copper_chest":4,"minecraft:spawner":10,"minecraft:weeping_vines_plant":1,"minecraft:tall_seagrass":1,"minecraft:magma_block":15,"minecraft:dark_oak_trapdoor":6,"minecraft:fire":19,"minecraft:sticky_piston":1,"minecraft:barrel":29,"ironchest:gold_chest":1,"minecraft:pumpkin":2,"minecraft:moss_carpet":1,"realmrpg_skeletons:devastated_skeleton":1,"minecraft:dirt_path":4,"minecraft:iron_block":2,"minecraft:blue_wall_banner":1,"minecraft:crimson_nylium":1,"minecraft:torch":19,"born_in_chaos_v1:scorched_planks":2,"born_in_chaos_v1:scorched_planks_slab":1,"minecraft:cyan_bed":7,"minecraft:amethyst_block":1,"minecraft:chain":12,"born_in_chaos_v1:black_argillite_brick":10,"minecraft:stone_brick_stairs":1,"minecraft:grass":147,"minecraft:loom":1,"upgrade_aquatic:beachgrass":22,"minecraft:stonecutter":1,"born_in_chaos_v1:infernal_evil_pumpkin_s":1,"minecraft:deepslate_tiles":3,"minecraft:mossy_cobblestone":40,"quark:shale":4,"minecraft:dark_oak_log":19,"minecraft:purple_candle":4,"minecraft:dark_oak_fence":2,"minecraft:spruce_fence":2,"born_in_chaos_v1:black_argillite":19,"minecraft:redstone_wire":1,"born_in_chaos_v1:gnawed_bones":2,"realmrpg_skeletons:cactus_skeleton":1,"simplefarming:mango_leaves":1,"vampirism:altar_infusion":2,"minecraft:vine":4,"irons_spellbooks:inscription_table":2,"minecraft:bone_block":4,"minecraft:white_wool":6,"minecraft:oak_slab":2,"quark:oak_chest":17,"minecraft:stone_brick_slab":1,"minecraft:dandelion":8,"minecraft:emerald_ore":3,"vampirism:coffin_white":1,"minecraft:tall_grass":55,"minecraft:copper_ore":21,"minecraft:coarse_dirt":4,"minecraft:white_carpet":22,"minecraft:spruce_log":11,"minecraft:birch_leaves":15,"born_in_chaos_v1:black_argillitepressureplate":1,"minecraft:sunflower":9,"minecraft:gravel":2,"minecraft:cobweb":23,"atlantis:ancient_metal_ore":33,"minecraft:stone_bricks":28,"vampirism:altar_tip":7,"undead_revamp2:arapholia":1,"minecraft:spruce_planks":37,"minecraft:mossy_stone_brick_slab":1,"minecraft:cobblestone_stairs":6,"minecraft:brewing_stand":3,"minecraft:spruce_trapdoor":3,"minecraft:grass_block":91,"minecraft:infested_cobblestone":1,"minecraft:iron_ore":49,"born_in_chaos_v1:black_argillite_brick_stairs":8,"minecraft:black_carpet":2,"vampirism:tent":3,"minecraft:dark_oak_stairs":11,"minecraft:iron_bars":13,"minecraft:black_candle":3,"simplefarming:fruit_log":1,"sophisticatedbackpacks:copper_backpack":1,"minecraft:spruce_slab":49,"upgrade_aquatic:tall_beachgrass":21,"minecraft:soul_lantern":2,"minecraft:chest":24,"born_in_chaos_v1:black_argillite_column_slab":4,"minecraft:cobblestone":56,"minecraft:wall_torch":8,"minecraft:cauldron":2,"minecraft:seagrass":1,"minecraft:light_blue_terracotta":1,"minecraft:red_candle":1,"realmrpg_skeletons:bow_skeleton":4,"born_in_chaos_v1:fired_black_argillite":8,"minecraft:blue_ice":1,"minecraft:light_gray_wool":2,"minecraft:oak_log":1,"minecraft:diorite_wall":4,"minecraft:sand":508,"minecraft:dirt":178,"quark:hollow_oak_log":8,"structure_gel:dynamic_spawner":4,"born_in_chaos_v1:black_argillite_wall":1,"minecraft:netherrack":2,"minecraft:oak_leaves":28,"vampirism:dark_stone_bricks":2,"minecraft:red_carpet":8,"minecraft:candle":8,"minecraft:mangrove_roots":2,"vampirism:altar_pillar":8,"minecraft:ladder":1,"minecraft:decorated_pot":1,"minecraft:weeping_vines":1,"minecraft:soul_campfire":1,"minecraft:spruce_leaves":55,"minecraft:sandstone":26,"quark:jasper":3,"minecraft:large_fern":3,"minecraft:hay_block":46,"born_in_chaos_v1:black_argillite_column":1,"minecraft:diorite_slab":5,"minecraft:spruce_sapling":4,"minecraft:furnace":3,"minecraft:stripped_spruce_log":3,"evilcraft:dark_ore":3,"minecraft:gold_block":9,"minecraft:bookshelf":9,"minecraft:packed_ice":14,"butchersdelight:deadllamablock":1,"minecraft:stone":267,"simplefarming:strawberry_bush":1,"minecraft:pink_terracotta":1,"born_in_chaos_v1:mesh_door":2,"born_in_chaos_v1:marigolds":1,"minecraft:infested_stone_bricks":1,"born_in_chaos_v1:scorched_planks_fence":3,"vampirism:tent_main":3,"minecraft:spruce_door":2,"minecraft:crafting_table":13,"minecraft:lectern":1,"minecraft:stone_slab":1,"born_in_chaos_v1:chipped_black_argillite_brick":1,"minecraft:ice":1,"minecraft:mangrove_planks":1,"minecraft:mangrove_slab":3,"minecraft:coal_ore":179,"quark:spruce_chest":32,"minecraft:flower_pot":3,"minecraft:cracked_stone_bricks":15,"minecraft:mossy_stone_bricks":7},"minecraft:broken":{"minecraft:golden_boots":1,"minecraft:iron_boots":2,"minecraft:iron_chestplate":2,"minecraft:iron_leggings":2,"minecraft:golden_sword":1,"minecraft:iron_sword":1,"minecraft:stone_sword":1,"minecraft:wooden_pickaxe":1,"minecraft:shield":6,"minecraft:iron_axe":5,"minecraft:iron_pickaxe":3,"minecraft:iron_helmet":2,"minecraft:iron_shovel":2,"minecraft:stone_axe":2,"minecraft:wooden_axe":1,"minecraft:flint_and_steel":1,"minecraft:leather_chestplate":1,"minecraft:golden_axe":1,"minecraft:leather_boots":1},"minecraft:picked_up":{"minecraft:iron_chestplate":1,"minecraft:chainmail_boots":1,"minecraft:flower_pot":4,"minecraft:lead":2,"minecraft:stone_slab":1,"irons_spellbooks:holy_rune":1,"minecraft:enchanted_book":3,"atlantis:atlantean_fire_melon_fruit_seeds":1,"minecraft:brewing_stand":3,"minecraft:amethyst_block":1,"born_in_chaos_v1:mesh_door":4,"minecraft:dark_oak_trapdoor":5,"minecraft:string":102,"simplefarming:zucchini_seeds":1,"alexsmobs:emu_feather":2,"minecraft:gold_nugget":9,"minecraft:spruce_planks":82,"upgrade_aquatic:mulberry":2,"minecraft:coal_block":1,"born_in_chaos_v1:shattered_skull":2,"werewolves:liver":8,"born_in_chaos_v1:pileof_dark_metal":3,"simplefarming:raspberries":34,"minecraft:cherry_log":14,"ironchest:gold_chest":1,"vampirism:amulet":2,"born_in_chaos_v1:black_argillite_brick_stairs":7,"minecraft:pink_terracotta":1,"minecraft:cauldron":2,"vampirism:blood_bottle":3,"minecraft:iron_block":4,"tombstone:scroll_of_aquatic_life":1,"born_in_chaos_v1:cultivated_pumpkin":1,"minecraft:blaze_rod":6,"minecraft:iron_bars":11,"minecraft:snowball":5,"minecraft:magma_block":20,"minecraft:feather":22,"born_in_chaos_v1:spiritual_dust":5,"minecraft:brown_wool":3,"ironchest:copper_chest":4,"minecraft:flint":11,"butchersdelight:deadpig":10,"minecraft:mangrove_slab":3,"born_in_chaos_v1:marigolds":2,"minecraft:stonecutter":1,"vampirism:altar_pillar":8,"simplefarming:kenaf_seeds":1,"simplefarming:tomato_seeds":1,"irons_spellbooks:legendary_ink":1,"minecraft:stripped_spruce_log":4,"sophisticatedbackpacks:iron_backpack":2,"minecraft:loom":1,"minecraft:fermented_spider_eye":2,"minecraft:dark_oak_log":19,"minecraft:barrel":28,"minecraft:bundle":2,"irons_spellbooks:ice_rune":1,"minecraft:writable_book":1,"minecraft:chainmail_helmet":1,"minecraft:bread":23,"minecraft:blue_banner":1,"alexsmobs:maggot":4,"born_in_chaos_v1:rotten_fish":4,"minecraft:light_gray_carpet":3,"simplefarming:cassava_seeds":2,"minecraft:dark_oak_fence":2,"minecraft:crimson_roots":1,"minecraft:crafting_table":13,"minecraft:coarse_dirt":4,"minecraft:nether_wart":2,"minecraft:clay_ball":5,"born_in_chaos_v1:seedof_chaos":7,"born_in_chaos_v1:serpumpkinhead_m":1,"friendsandfoes:totem_of_illusion":1,"born_in_chaos_v1:fired_black_argillite":8,"born_in_chaos_v1:black_argillite_column":1,"simplefarming:mango":23,"born_in_chaos_v1:intoxicating_decoction":9,"minecraft:white_carpet":21,"born_in_chaos_v1:black_argillite_brick":10,"butchersdelight:dead_cow":30,"minecraft:cracked_stone_bricks":15,"quark:spruce_chest":32,"minecraft:beef":28,"born_in_chaos_v1:gnawed_bones":2,"minecraft:iron_nugget":44,"minecraft:spruce_slab":40,"minecraft:chest":24,"minecraft:birch_sapling":1,"minecraft:sandstone":26,"born_in_chaos_v1:pieceofdarkmetal":29,"minecraft:carrot":6,"minecraft:redstone":16,"simplefarming:eggplant_seeds":1,"butchersdelight:deadsheep":23,"minecraft:decorated_pot":1,"minecraft:beetroot_seeds":37,"simplefarming:strawberries":20,"minecraft:hay_block":45,"minecraft:gold_ingot":34,"sophisticatedbackpacks:copper_backpack":1,"minecraft:mutton":10,"minecraft:glow_berries":2,"minecraft:bone_block":4,"minecraft:white_wool":21,"minecraft:rail":8,"born_in_chaos_v1:black_argillite_column_slab":4,"vampirism:item_tent":2,"simplefarming:soybean_seeds":1,"born_in_chaos_v1:monster_flesh":16,"minecraft:tripwire_hook":1,"minecraft:filled_map":2,"minecraft:oak_log":1,"minecraft:golden_boots":1,"simplefarming:broccoli_seeds":1,"minecraft:paper":38,"minecraft:white_banner":2,"minecraft:apple":18,"minecraft:stone_bricks":32,"minecraft:stone_pickaxe":1,"born_in_chaos_v1:smoked_flesh":16,"minecraft:cobweb":21,"tombstone:bag_of_seeds":4,"minecraft:glass_bottle":6,"minecraft:mangrove_planks":1,"minecraft:iron_sword":2,"minecraft:dark_oak_stairs":9,"minecraft:sweet_berries":6,"born_in_chaos_v1:orbofthe_summoner":1,"born_in_chaos_v1:ethereal_spirit":4,"simplefarming:blueberries":2,"minecraft:spruce_sapling":42,"minecraft:spruce_log":260,"minecraft:infested_stone_bricks":3,"minecraft:stone_axe":1,"vampirism:dark_stone_bricks":2,"minecraft:gray_wool":1,"minecraft:melon_seeds":8,"minecraft:ender_pearl":6,"minecraft:hopper":12,"vampirism:coffin_white":1,"irons_spellbooks:scroll":6,"minecraft:black_carpet":2,"minecraft:wheat":37,"illagerinvasion:platinum_chunk":3,"quark:hollow_oak_log":8,"minecraft:potion":8,"minecraft:stone_brick_stairs":2,"born_in_chaos_v1:black_argillite_wall":1,"vampirism:pure_salt_water":1,"born_in_chaos_v1:holiday_candy":8,"born_in_chaos_v1:black_argillite":18,"minecraft:raw_copper":71,"minecraft:sticky_piston":1,"born_in_chaos_v1:dark_upgrade":1,"minecraft:red_candle":2,"minecraft:experience_bottle":1,"atlantis:ancient_metal_ore":31,"irons_spellbooks:arcane_essence":45,"minecraft:deepslate_tiles":3,"minecraft:redstone_torch":4,"minecraft:iron_pickaxe":1,"alexsmobs:raccoon_tail":1,"born_in_chaos_v1:stimulating_decoction":3,"irons_spellbooks:inscription_table":2,"minecraft:furnace":3,"simplefarming:spinach_seeds":1,"minecraft:tipped_arrow":1,"minecraft:stick":34,"improvableskills:parchment_fragment":5,"minecraft:torch":24,"minecraft:porkchop":4,"vampirism:holy_water_bottle_enhanced":1,"irons_spellbooks:furled_map":1,"tombstone:grave_dust":23,"vampirism:vampire_fang":1,"born_in_chaos_v1:nightmare_claw":5,"minecraft:goat_horn":1,"minecraft:rotten_flesh":105,"minecraft:mangrove_roots":2,"minecraft:cobblestone":321,"vampirism:vampire_book":1,"born_in_chaos_v1:mint_ice_cream":2,"minecraft:potato":8,"evilcraft:flesh_humanoid":4,"undead_revamp2:huntereye":1,"skilltree:gem":37,"minecraft:lapis_lazuli":6,"minecraft:dirt":278,"born_in_chaos_v1:monster_skin":8,"minecraft:bone":85,"minecraft:bow":3,"minecraft:wheat_seeds":142,"minecraft:mossy_stone_bricks":7,"minecraft:bamboo":6,"minecraft:oak_planks":2,"minecraft:diorite_wall":4,"irons_spellbooks:frozen_bone":19,"quark:shale":4,"minecraft:poisonous_potato":1,"butchersdelight:cow_hide":14,"minecraft:sand":502,"minecraft:cyan_bed":7,"minecraft:mossy_cobblestone":39,"born_in_chaos_v1:fire_dust":7,"minecraft:sugar":6,"minecraft:yellow_carpet":4,"minecraft:light_blue_terracotta":1,"minecraft:diamond":4,"minecraft:spruce_boat":1,"irons_spellbooks:divine_pearl":7,"minecraft:soul_lantern":4,"waystones:waystone":7,"born_in_chaos_v1:scorched_planks_fence":3,"minecraft:bone_meal":3,"minecraft:golden_apple":1,"werewolves:cracked_bone":1,"butchersdelight:deadllama":7,"minecraft:emerald":31,"minecraft:oak_sapling":1,"minecraft:netherrack":1,"irons_spellbooks:uncommon_ink":3,"minecraft:allium":1,"minecraft:azure_bluet":2,"grimoireofgaia:soulfire":14,"minecraft:ladder":2,"minecraft:rabbit_stew":2,"minecraft:brown_mushroom":12,"minecraft:gold_block":10,"minecraft:stone_brick_wall":38,"minecraft:diorite_slab":5,"minecraft:chain":11,"minecraft:shield":1,"minecraft:moss_carpet":1,"minecraft:iron_axe":4,"minecraft:candle":18,"simplefarming:oat_seeds":1,"born_in_chaos_v1:scorched_planks":2,"irons_spellbooks:epic_ink":1,"bossominium:vex_wing":5,"minecraft:light_gray_wool":3,"minecraft:lectern":1,"tombstone:tablet_of_assistance":1,"simplefarming:barley_seeds":1,"minecraft:spruce_trapdoor":3,"minecraft:phantom_membrane":9,"born_in_chaos_v1:scorched_planks_slab":1,"minecraft:raw_iron":49,"simplefarming:pear":36,"grimoireofgaia:meat":7,"simplefarming:cantaloupe_seeds":1,"minecraft:copper_ingot":3,"minecraft:bowl":3,"minecraft:iron_horse_armor":1,"tombstone:scroll_of_purification":1,"minecraft:dark_oak_planks":2,"minecraft:purple_candle":5,"minecraft:arrow":43,"minecraft:weeping_vines":1,"simplefarming:ginger_seeds":1,"minecraft:saddle":3,"minecraft:skeleton_skull":1,"born_in_chaos_v1:corpse_maggot":4,"minecraft:leather":17,"minecraft:ice":21,"minecraft:crimson_fungus":32,"minecraft:chainmail_chestplate":1,"minecraft:gunpowder":15,"minecraft:cobblestone_stairs":6,"irons_spellbooks:rare_ink":3,"irons_spellbooks:common_ink":1,"minecraft:red_carpet":8,"vampirism:human_heart":10,"minecraft:gray_carpet":2,"minecraft:iron_ingot":28,"vampirism:holy_water_bottle_ultimate":1,"minecraft:soul_sand":2,"minecraft:book":45,"minecraft:oak_slab":1,"simplefarming:rice_seeds":1,"minecraft:warped_fungus":3,"minecraft:black_candle":8,"minecraft:pumpkin":2,"born_in_chaos_v1:lifestealer_bone":5,"minecraft:stone_brick_slab":1,"born_in_chaos_v1:black_argillitepressureplate":1,"minecraft:dandelion":9,"born_in_chaos_v1:dark_rod":2,"minecraft:amethyst_shard":3,"minecraft:white_bed":21,"vampirism:altar_infusion":2,"minecraft:spruce_door":2,"quark:oak_chest":18,"minecraft:mossy_stone_brick_slab":1,"minecraft:spider_eye":11,"simplefarming:blackberries":2,"butchersdelight:sheephide":10,"minecraft:pumpkin_seeds":43,"simplefarming:strawberry_bush":1,"vampirism:altar_tip":7,"minecraft:chainmail_leggings":1,"evilcraft:dark_gem":14,"minecraft:iron_helmet":1,"minecraft:cherry_sapling":1,"tombstone:magic_scroll":2,"minecraft:black_wool":1,"minecraft:coal":237,"minecraft:sunflower":8}},"DataVersion":3465}