{"stats":{"minecraft:broken":{"minecraft:iron_shovel":2,"minecraft:iron_boots":1,"minecraft:iron_chestplate":1,"minecraft:iron_leggings":1,"minecraft:golden_sword":1,"minecraft:stone_axe":1,"minecraft:wooden_axe":1,"minecraft:stone_sword":1,"minecraft:leather_chestplate":1,"minecraft:wooden_pickaxe":1,"minecraft:shield":4,"minecraft:iron_axe":3,"minecraft:leather_boots":1,"minecraft:iron_pickaxe":2,"minecraft:iron_helmet":1},"minecraft:used":{"minecraft:writable_book":1,"minecraft:purple_candle":5,"minecraft:iron_shovel":527,"sophisticatedbackpacks:copper_backpack":1,"minecraft:spruce_slab":70,"minecraft:ladder":1,"vampirism:altar_infusion":2,"minecraft:shield":203,"minecraft:chest":17,"minecraft:iron_sword":117,"minecraft:rotten_flesh":1,"vampirism:coffin_white":1,"simplefarming:mango":19,"minecraft:carrot":20,"simplefarming:blueberries":2,"simplefarming:raspberries":34,"minecraft:stripped_spruce_log":1,"minecraft:spruce_boat":1,"born_in_chaos_v1:gnawed_bones":2,"minecraft:stone_brick_stairs":1,"minecraft:stone_bricks":4,"minecraft:item_frame":1,"minecraft:golden_sword":32,"minecraft:red_carpet":6,"minecraft:furnace":9,"grimoireofgaia:meat":3,"minecraft:potato":3,"atlantis:ancient_metal_ore":1,"minecraft:mossy_stone_bricks":2,"minecraft:cow_spawn_egg":5,"minecraft:spruce_door":3,"upgrade_aquatic:mulberry":4,"minecraft:stone_pickaxe":68,"minecraft:sandstone":21,"minecraft:wooden_pickaxe":59,"vampirism:human_heart":2,"simplefarming:strawberries":17,"ironchest:copper_chest":3,"born_in_chaos_v1:holiday_candy":2,"minecraft:deepslate_tiles":3,"waystones:waystone":3,"quark:hollow_oak_log":4,"minecraft:dark_oak_log":3,"born_in_chaos_v1:monster_flesh":1,"minecraft:bread":7,"minecraft:cyan_bed":7,"vampirism:altar_pillar":8,"tombstone:grave_key":29,"minecraft:soul_lantern":4,"vampirism:dark_stone_bricks":2,"born_in_chaos_v1:mesh_door":2,"minecraft:bone_meal":38,"minecraft:experience_bottle":1,"minecraft:oak_fence":10,"minecraft:iron_bars":2,"minecraft:stone_sword":130,"minecraft:flint_and_steel":16,"born_in_chaos_v1:ethereal_spirit":1,"minecraft:spruce_planks":84,"minecraft:dirt":68,"minecraft:torch":40,"minecraft:brewing_stand":3,"minecraft:white_carpet":7,"minecraft:dark_oak_planks":1,"alexsmobs:maggot":2,"minecraft:wooden_axe":45,"butchersdelight:cleaver":13,"quark:spruce_chest":65,"minecraft:iron_axe":757,"minecraft:red_candle":2,"minecraft:barrel":28,"evilcraft:flesh_humanoid":1,"minecraft:light_gray_wool":2,"ironchest:gold_chest":2,"tombstone:gift":12,"minecraft:pumpkin":2,"vampirism:altar_inspiration":1,"minecraft:amethyst_block":1,"minecraft:cobblestone_stairs":5,"minecraft:cauldron":1,"minecraft:stonecutter":1,"minecraft:leather_boots":1,"simplefarming:pear":10,"minecraft:cracked_stone_bricks":3,"minecraft:mossy_cobblestone":15,"minecraft:crafting_table":17,"minecraft:white_bed":21,"simplefarming:blackberries":2,"minecraft:infested_stone_bricks":1,"minecraft:spruce_log":3,"tombstone:bag_of_seeds":1,"minecraft:flower_pot":3,"minecraft:iron_pickaxe":705,"minecraft:map":1,"minecraft:suspicious_stew":1,"minecraft:spruce_sapling":27,"vampirism:altar_tip":7,"werewolves:liver":1,"minecraft:stone_axe":90,"minecraft:cobblestone":67,"minecraft:black_candle":8,"quark:oak_chest":16,"irons_spellbooks:inscription_table":2,"minecraft:candle":16},"minecraft:killed":{"undead_revamp2:thewolf":1,"vampirism:vampire":2,"born_in_chaos_v1:zombie_lumberjack":1,"irons_spellbooks:priest":1,"born_in_chaos_v1:door_knight_not_despawn":2,"minecraft:spider":35,"irons_spellbooks:cryomancer":1,"grimoireofgaia:minotaurus":2,"undead_revamp2:theswarmer":1,"minecraft:skeleton":25,"vampirism:task_master_hunter":3,"minecraft:bee":1,"minecraft:silverfish":4,"vampirism:advanced_hunter":4,"minecraft:illusioner":1,"grimoireofgaia:banshee":2,"golems:golem":1,"minecraft:creeper":1,"vampirism:hunter":24,"minecraft:sheep":8,"minecraft:pillager":2,"minecraft:zombie":11,"born_in_chaos_v1:dread_hound":1,"born_in_chaos_v1:corpse_fly":1,"enemyexpansion:botfly":6,"vampirism_integrations:female_villager_mca_angry":1,"grimoireofgaia:harpy":3,"alexsmobs:fly":1,"minecraft:vex":1,"grimoireofgaia:satyress":2,"born_in_chaos_v1:zombie_clown_not_despawn":2,"alexsmobs:raccoon":1,"minecraft:vindicator":2,"illagerinvasion:marauder":5,"born_in_chaos_v1:maggot":5,"takesapillage:clay_golem":1,"born_in_chaos_v1:corpse_fish":4,"grimoireofgaia:dullahan":1,"born_in_chaos_v1:decrepit_skeleton":4,"born_in_chaos_v1:decaying_zombie_not_despawn":1},"minecraft:dropped":{"minecraft:candle":2,"butchersdelight:dead_cow":1,"minecraft:glass_bottle":1,"improvableskills:parchment_fragment":1,"minecraft:dirt":12,"irons_spellbooks:arcane_essence":24,"minecraft:gold_nugget":1,"minecraft:mangrove_slab":3,"minecraft:bone":4,"minecraft:stone_axe":1,"minecraft:birch_sapling":1,"minecraft:wheat":1,"minecraft:rotten_flesh":1,"vampirism:blood_bottle":3,"minecraft:white_bed":1,"evilcraft:flesh_humanoid":2,"born_in_chaos_v1:marigolds":1,"minecraft:stripped_spruce_log":2,"minecraft:wheat_seeds":4,"born_in_chaos_v1:mesh_door":1,"minecraft:poisonous_potato":1,"born_in_chaos_v1:holiday_candy":6,"minecraft:cobblestone":8,"minecraft:stick":9,"minecraft:brown_wool":1,"skilltree:gem":6,"tombstone:grave_dust":4,"minecraft:potion":3,"werewolves:liver":1,"minecraft:iron_axe":2,"minecraft:string":7,"minecraft:spruce_sapling":2,"simplefarming:tomato_seeds":1,"minecraft:white_carpet":2,"minecraft:light_gray_wool":1,"minecraft:filled_map":1,"minecraft:spruce_boat":1,"minecraft:shield":1,"minecraft:allium":1,"minecraft:oak_sapling":1,"minecraft:sandstone":4,"minecraft:stone_pickaxe":2,"simplefarming:eggplant_seeds":1},"minecraft:crafted":{"minecraft:oak_planks":1,"minecraft:glass":492,"minecraft:iron_boots":1,"sophisticatedbackpacks:copper_backpack":1,"improvableskills:skills_book":1,"vampirism:altar_inspiration":1,"minecraft:golden_sword":1,"minecraft:glass_bottle":82,"blue_skies:blue_journal":1,"minecraft:item_frame":1,"sophisticatedbackpacks:backpack":1,"minecraft:crafting_table":7,"minecraft:spruce_planks":304,"minecraft:iron_helmet":1,"minecraft:wooden_pickaxe":1,"minecraft:spruce_door":6,"minecraft:copper_ingot":40,"butchersdelight:cleaver":1,"minecraft:iron_chestplate":1,"minecraft:shield":7,"minecraft:stick":30,"minecraft:iron_ingot":55,"minecraft:iron_pickaxe":2,"vampirism:coffin_white":1,"minecraft:stone_sword":1,"minecraft:gold_ingot":14,"minecraft:cherry_planks":3,"minecraft:furnace":6,"blue_skies:zeal_lighter":1,"minecraft:bone_meal":50,"minecraft:spruce_fence":2,"minecraft:leather":2,"minecraft:iron_axe":4,"minecraft:spruce_slab":36,"minecraft:stone_pickaxe":1,"minecraft:spruce_boat":1,"quark:spruce_chest":38,"minecraft:dark_oak_planks":3,"minecraft:wheat":38,"sophisticatedbackpacks:iron_backpack":1,"ironchest:gold_chest":1,"minecraft:iron_sword":1,"ironchest:copper_chest":2,"sophisticatedbackpacks:gold_backpack":1,"minecraft:stone_axe":1,"minecraft:air":1406,"minecraft:bread":91,"minecraft:wooden_axe":3,"minecraft:iron_shovel":2,"minecraft:iron_leggings":2,"minecraft:white_bed":2,"vampirism:blood_container":1,"irons_spellbooks:inscription_table":1,"minecraft:torch":4,"ironchest:iron_chest":1},"minecraft:picked_up":{"irons_spellbooks:scroll":6,"minecraft:iron_chestplate":1,"minecraft:wheat":37,"minecraft:black_carpet":2,"illagerinvasion:platinum_chunk":1,"minecraft:flower_pot":4,"minecraft:lead":1,"minecraft:stone_slab":1,"quark:hollow_oak_log":8,"irons_spellbooks:holy_rune":1,"minecraft:enchanted_book":3,"minecraft:potion":8,"atlantis:atlantean_fire_melon_fruit_seeds":1,"minecraft:stone_brick_stairs":2,"born_in_chaos_v1:black_argillite_wall":1,"minecraft:brewing_stand":3,"vampirism:pure_salt_water":1,"minecraft:amethyst_block":1,"born_in_chaos_v1:holiday_candy":8,"born_in_chaos_v1:black_argillite":18,"simplefarming:zucchini_seeds":1,"minecraft:string":86,"minecraft:dark_oak_trapdoor":5,"born_in_chaos_v1:mesh_door":4,"minecraft:raw_copper":71,"minecraft:red_candle":2,"minecraft:sticky_piston":1,"minecraft:experience_bottle":1,"atlantis:ancient_metal_ore":25,"irons_spellbooks:arcane_essence":45,"minecraft:deepslate_tiles":3,"minecraft:gold_nugget":6,"minecraft:spruce_planks":82,"minecraft:redstone_torch":4,"minecraft:iron_pickaxe":1,"alexsmobs:raccoon_tail":1,"born_in_chaos_v1:stimulating_decoction":3,"minecraft:coal_block":1,"upgrade_aquatic:mulberry":2,"irons_spellbooks:inscription_table":2,"minecraft:furnace":3,"minecraft:stick":27,"improvableskills:parchment_fragment":5,"minecraft:torch":24,"werewolves:liver":6,"minecraft:porkchop":4,"simplefarming:raspberries":34,"vampirism:holy_water_bottle_enhanced":1,"irons_spellbooks:furled_map":1,"minecraft:cherry_log":11,"ironchest:gold_chest":1,"tombstone:grave_dust":13,"vampirism:vampire_fang":1,"born_in_chaos_v1:black_argillite_brick_stairs":7,"vampirism:amulet":2,"minecraft:pink_terracotta":1,"minecraft:cauldron":2,"minecraft:goat_horn":1,"vampirism:blood_bottle":3,"minecraft:rotten_flesh":90,"minecraft:iron_block":2,"minecraft:mangrove_roots":2,"born_in_chaos_v1:cultivated_pumpkin":1,"minecraft:blaze_rod":6,"minecraft:iron_bars":11,"minecraft:snowball":5,"minecraft:cobblestone":169,"minecraft:magma_block":20,"vampirism:vampire_book":1,"minecraft:feather":19,"minecraft:brown_wool":3,"born_in_chaos_v1:mint_ice_cream":2,"minecraft:potato":5,"ironchest:copper_chest":2,"butchersdelight:deadpig":10,"minecraft:flint":11,"evilcraft:flesh_humanoid":2,"skilltree:gem":36,"minecraft:lapis_lazuli":6,"minecraft:mangrove_slab":3,"minecraft:dirt":49,"born_in_chaos_v1:monster_skin":1,"born_in_chaos_v1:marigolds":2,"minecraft:bone":55,"minecraft:stonecutter":1,"minecraft:bow":3,"minecraft:wheat_seeds":134,"vampirism:altar_pillar":8,"minecraft:mossy_stone_bricks":7,"simplefarming:tomato_seeds":1,"minecraft:bamboo":6,"minecraft:oak_planks":2,"minecraft:diorite_wall":4,"irons_spellbooks:frozen_bone":4,"quark:shale":4,"irons_spellbooks:legendary_ink":1,"minecraft:poisonous_potato":1,"butchersdelight:cow_hide":14,"minecraft:sand":502,"minecraft:stripped_spruce_log":4,"sophisticatedbackpacks:iron_backpack":1,"minecraft:fermented_spider_eye":2,"minecraft:loom":1,"minecraft:cyan_bed":7,"minecraft:dark_oak_log":19,"minecraft:barrel":28,"minecraft:mossy_cobblestone":39,"minecraft:bundle":2,"irons_spellbooks:ice_rune":1,"minecraft:sugar":6,"minecraft:yellow_carpet":4,"minecraft:light_blue_terracotta":1,"born_in_chaos_v1:fire_dust":7,"minecraft:spruce_boat":1,"irons_spellbooks:divine_pearl":7,"minecraft:soul_lantern":4,"waystones:waystone":6,"minecraft:writable_book":1,"born_in_chaos_v1:scorched_planks_fence":3,"minecraft:bone_meal":3,"alexsmobs:maggot":2,"born_in_chaos_v1:rotten_fish":4,"butchersdelight:deadllama":3,"minecraft:emerald":18,"minecraft:bread":19,"werewolves:cracked_bone":1,"minecraft:blue_banner":1,"simplefarming:cassava_seeds":2,"irons_spellbooks:uncommon_ink":3,"minecraft:oak_sapling":1,"minecraft:light_gray_carpet":3,"minecraft:netherrack":1,"minecraft:crimson_roots":1,"minecraft:crafting_table":12,"minecraft:coarse_dirt":4,"minecraft:allium":1,"grimoireofgaia:soulfire":6,"minecraft:ladder":2,"minecraft:nether_wart":2,"minecraft:clay_ball":5,"minecraft:rabbit_stew":2,"born_in_chaos_v1:serpumpkinhead_m":1,"minecraft:brown_mushroom":12,"friendsandfoes:totem_of_illusion":1,"minecraft:stone_brick_wall":38,"minecraft:diorite_slab":5,"minecraft:gold_block":10,"minecraft:chain":11,"minecraft:shield":1,"born_in_chaos_v1:fired_black_argillite":8,"born_in_chaos_v1:black_argillite_column":1,"simplefarming:mango":23,"minecraft:moss_carpet":1,"minecraft:iron_axe":3,"born_in_chaos_v1:intoxicating_decoction":9,"minecraft:white_carpet":21,"born_in_chaos_v1:black_argillite_brick":10,"butchersdelight:dead_cow":27,"minecraft:cracked_stone_bricks":15,"quark:spruce_chest":28,"minecraft:candle":18,"born_in_chaos_v1:scorched_planks":2,"minecraft:beef":28,"born_in_chaos_v1:gnawed_bones":2,"irons_spellbooks:epic_ink":1,"minecraft:iron_nugget":31,"minecraft:light_gray_wool":3,"minecraft:spruce_slab":40,"bossominium:vex_wing":1,"minecraft:lectern":1,"minecraft:birch_sapling":1,"tombstone:tablet_of_assistance":1,"minecraft:chest":19,"simplefarming:barley_seeds":1,"minecraft:phantom_membrane":9,"minecraft:spruce_trapdoor":1,"born_in_chaos_v1:scorched_planks_slab":1,"minecraft:raw_iron":49,"minecraft:sandstone":26,"grimoireofgaia:meat":5,"simplefarming:pear":36,"simplefarming:cantaloupe_seeds":1,"minecraft:copper_ingot":3,"minecraft:bowl":3,"minecraft:redstone":16,"born_in_chaos_v1:pieceofdarkmetal":4,"minecraft:carrot":6,"simplefarming:eggplant_seeds":1,"minecraft:iron_horse_armor":1,"tombstone:scroll_of_purification":1,"minecraft:dark_oak_planks":2,"minecraft:purple_candle":5,"minecraft:arrow":37,"butchersdelight:deadsheep":16,"minecraft:beetroot_seeds":37,"minecraft:decorated_pot":1,"simplefarming:strawberries":19,"minecraft:hay_block":45,"simplefarming:ginger_seeds":1,"minecraft:gold_ingot":23,"minecraft:saddle":3,"sophisticatedbackpacks:copper_backpack":1,"minecraft:glow_berries":2,"minecraft:mutton":10,"minecraft:skeleton_skull":1,"minecraft:white_wool":16,"minecraft:bone_block":4,"minecraft:rail":8,"born_in_chaos_v1:corpse_maggot":3,"born_in_chaos_v1:black_argillite_column_slab":4,"born_in_chaos_v1:monster_flesh":10,"vampirism:item_tent":2,"minecraft:tripwire_hook":1,"minecraft:leather":16,"minecraft:filled_map":2,"minecraft:ice":21,"minecraft:crimson_fungus":32,"minecraft:oak_log":1,"minecraft:gunpowder":10,"minecraft:cobblestone_stairs":6,"simplefarming:broccoli_seeds":1,"minecraft:paper":38,"minecraft:white_banner":1,"irons_spellbooks:rare_ink":3,"irons_spellbooks:common_ink":1,"minecraft:red_carpet":7,"vampirism:human_heart":8,"minecraft:gray_carpet":2,"minecraft:apple":9,"minecraft:stone_bricks":32,"born_in_chaos_v1:smoked_flesh":13,"minecraft:iron_ingot":13,"minecraft:stone_pickaxe":1,"minecraft:cobweb":21,"tombstone:bag_of_seeds":1,"minecraft:glass_bottle":6,"vampirism:holy_water_bottle_ultimate":1,"minecraft:mangrove_planks":1,"minecraft:soul_sand":2,"minecraft:dark_oak_stairs":9,"minecraft:book":42,"minecraft:oak_slab":1,"minecraft:warped_fungus":3,"minecraft:black_candle":8,"minecraft:pumpkin":2,"minecraft:sweet_berries":6,"minecraft:stone_brick_slab":1,"born_in_chaos_v1:ethereal_spirit":1,"born_in_chaos_v1:black_argillitepressureplate":1,"minecraft:dandelion":7,"simplefarming:blueberries":2,"born_in_chaos_v1:dark_rod":2,"minecraft:amethyst_shard":3,"minecraft:spruce_sapling":31,"minecraft:white_bed":19,"minecraft:spruce_log":152,"vampirism:altar_infusion":2,"minecraft:spider_eye":6,"quark:oak_chest":18,"minecraft:mossy_stone_brick_slab":1,"minecraft:spruce_door":2,"simplefarming:blackberries":2,"minecraft:infested_stone_bricks":3,"butchersdelight:sheephide":10,"minecraft:pumpkin_seeds":43,"minecraft:stone_axe":1,"vampirism:altar_tip":7,"vampirism:dark_stone_bricks":2,"evilcraft:dark_gem":14,"minecraft:iron_helmet":1,"minecraft:cherry_sapling":1,"tombstone:magic_scroll":2,"minecraft:melon_seeds":8,"minecraft:coal":235,"minecraft:sunflower":1,"minecraft:ender_pearl":3},"minecraft:killed_by":{"minecraft:vex":1},"minecraft:custom":{"minecraft:animals_bred":2,"vampirism:interact_with_altar_of_infusion":1,"minecraft:interact_with_crafting_table":111,"minecraft:open_barrel":62,"minecraft:bell_ring":6,"minecraft:leave_game":63,"minecraft:time_since_death":169271,"minecraft:sprint_one_cm":1019160,"minecraft:damage_blocked_by_shield":12421,"minecraft:drop":75,"vampirism:interact_with_coffin":1,"vampirism:interact_with_totem":2,"minecraft:talked_to_villager":10,"minecraft:play_time":1307509,"minecraft:deaths":52,"minecraft:jump":7383,"minecraft:interact_with_brewingstand":3,"minecraft:walk_on_water_one_cm":18958,"minecraft:interact_with_furnace":126,"vampirism:altar_of_inspiration_rituals_performed":4,"minecraft:traded_with_villager":2,"vampirism:action_used_bat":1,"minecraft:sleep_in_bed":62,"vampirism:actions_used":1,"minecraft:waystone_activated":6,"minecraft:damage_dealt":49971,"minecraft:crouch_one_cm":52099,"tombstone:undead_killed":50,"tombstone:villager_killed":1,"minecraft:interact_with_anvil":2,"minecraft:mob_kills":203,"vampirism:action_time_bat":157,"minecraft:damage_dealt_resisted":2255,"minecraft:climb_one_cm":96796,"vampirism:amount_bitten":125,"minecraft:walk_one_cm":2283849,"vampirism:skills_unlocked":27,"vampirism:interact_with_altar_inspiration":45,"minecraft:sneak_time":39286,"minecraft:walk_under_water_one_cm":10192,"minecraft:total_world_time":1307509,"vampirism:win_village_capture":1,"vampirism:blood_drunk":47000,"tombstone:raider_killed":10,"minecraft:interact_with_stonecutter":2,"minecraft:time_since_rest":88278,"vampirism:resurrected":8,"minecraft:damage_taken":1427295,"minecraft:swim_one_cm":84541,"minecraft:fly_one_cm":1401848,"minecraft:open_chest":749,"vampirism:defend_village":1,"minecraft:fall_one_cm":194366},"minecraft:mined":{"undead_revamp2:arapholia":1,"minecraft:spruce_planks":37,"minecraft:white_bed":18,"minecraft:mossy_stone_brick_slab":1,"minecraft:cherry_log":3,"minecraft:cobblestone_stairs":6,"minecraft:brewing_stand":3,"minecraft:spruce_trapdoor":1,"minecraft:stone_brick_wall":39,"minecraft:grass_block":16,"born_in_chaos_v1:dark_metal_deposit":3,"minecraft:yellow_carpet":2,"minecraft:infested_cobblestone":1,"ironchest:copper_chest":2,"minecraft:spawner":3,"minecraft:tall_seagrass":1,"minecraft:magma_block":15,"minecraft:iron_ore":49,"ironchest:gold_chest":1,"minecraft:dark_oak_trapdoor":6,"minecraft:barrel":29,"born_in_chaos_v1:black_argillite_brick_stairs":8,"minecraft:sticky_piston":1,"minecraft:fire":2,"minecraft:moss_carpet":1,"minecraft:pumpkin":2,"minecraft:black_carpet":2,"vampirism:tent":3,"minecraft:dark_oak_stairs":11,"realmrpg_skeletons:devastated_skeleton":1,"minecraft:dirt_path":3,"minecraft:iron_bars":13,"minecraft:black_candle":3,"simplefarming:fruit_log":1,"sophisticatedbackpacks:copper_backpack":1,"minecraft:spruce_slab":49,"minecraft:blue_wall_banner":1,"minecraft:crimson_nylium":1,"upgrade_aquatic:tall_beachgrass":21,"minecraft:soul_lantern":2,"minecraft:torch":19,"born_in_chaos_v1:scorched_planks":2,"born_in_chaos_v1:scorched_planks_slab":1,"minecraft:chest":19,"born_in_chaos_v1:black_argillite_column_slab":4,"minecraft:cobblestone":55,"minecraft:cyan_bed":7,"minecraft:wall_torch":8,"minecraft:cauldron":2,"minecraft:amethyst_block":1,"minecraft:seagrass":1,"minecraft:light_blue_terracotta":1,"minecraft:chain":12,"minecraft:red_candle":1,"realmrpg_skeletons:bow_skeleton":4,"born_in_chaos_v1:fired_black_argillite":8,"minecraft:blue_ice":1,"minecraft:light_gray_wool":2,"born_in_chaos_v1:black_argillite_brick":10,"minecraft:stone_brick_stairs":1,"minecraft:grass":89,"minecraft:oak_log":1,"minecraft:diorite_wall":4,"minecraft:dirt":22,"minecraft:loom":1,"minecraft:sand":508,"quark:hollow_oak_log":8,"upgrade_aquatic:beachgrass":22,"structure_gel:dynamic_spawner":4,"born_in_chaos_v1:infernal_evil_pumpkin_s":1,"born_in_chaos_v1:black_argillite_wall":1,"minecraft:stonecutter":1,"minecraft:netherrack":2,"minecraft:oak_leaves":28,"vampirism:dark_stone_bricks":2,"minecraft:deepslate_tiles":3,"minecraft:red_carpet":7,"minecraft:mossy_cobblestone":40,"quark:shale":4,"minecraft:candle":8,"minecraft:dark_oak_log":19,"minecraft:mangrove_roots":2,"minecraft:purple_candle":4,"vampirism:altar_pillar":8,"minecraft:ladder":1,"minecraft:spruce_fence":2,"minecraft:decorated_pot":1,"born_in_chaos_v1:black_argillite":19,"minecraft:redstone_wire":1,"minecraft:soul_campfire":1,"minecraft:spruce_leaves":55,"minecraft:sandstone":26,"born_in_chaos_v1:gnawed_bones":2,"quark:jasper":3,"minecraft:large_fern":3,"minecraft:hay_block":46,"born_in_chaos_v1:black_argillite_column":1,"minecraft:diorite_slab":5,"minecraft:furnace":3,"realmrpg_skeletons:cactus_skeleton":1,"minecraft:stripped_spruce_log":3,"evilcraft:dark_ore":3,"simplefarming:mango_leaves":1,"minecraft:gold_block":9,"minecraft:bookshelf":9,"vampirism:altar_infusion":2,"minecraft:vine":4,"minecraft:packed_ice":14,"irons_spellbooks:inscription_table":2,"butchersdelight:deadllamablock":1,"minecraft:stone":116,"minecraft:bone_block":4,"minecraft:white_wool":6,"minecraft:pink_terracotta":1,"born_in_chaos_v1:mesh_door":2,"minecraft:oak_slab":2,"born_in_chaos_v1:marigolds":1,"minecraft:infested_stone_bricks":1,"quark:oak_chest":17,"born_in_chaos_v1:scorched_planks_fence":3,"minecraft:stone_brick_slab":1,"minecraft:dandelion":7,"minecraft:spruce_door":2,"vampirism:tent_main":3,"minecraft:crafting_table":12,"minecraft:emerald_ore":3,"minecraft:lectern":1,"minecraft:stone_slab":1,"minecraft:copper_ore":21,"minecraft:tall_grass":43,"born_in_chaos_v1:chipped_black_argillite_brick":1,"minecraft:coarse_dirt":4,"minecraft:ice":1,"minecraft:white_carpet":22,"minecraft:spruce_log":11,"minecraft:birch_leaves":15,"born_in_chaos_v1:black_argillitepressureplate":1,"minecraft:mangrove_planks":1,"minecraft:mangrove_slab":3,"minecraft:coal_ore":177,"minecraft:flower_pot":3,"quark:spruce_chest":28,"minecraft:sunflower":1,"minecraft:gravel":2,"minecraft:cobweb":21,"minecraft:cracked_stone_bricks":15,"atlantis:ancient_metal_ore":26,"minecraft:stone_bricks":28,"minecraft:mossy_stone_bricks":7,"minecraft:dark_oak_planks":4,"vampirism:altar_tip":7}},"DataVersion":3465}