{"stats":{"minecraft:picked_up":{"minecraft:arrow":1,"vampirism:item_garlic":1,"minecraft:iron_ingot":2},"minecraft:custom":{"minecraft:open_chest":1,"minecraft:time_since_rest":12622,"minecraft:crouch_one_cm":248,"minecraft:sprint_one_cm":5298,"minecraft:deaths":1,"minecraft:play_time":21756,"minecraft:damage_taken":230,"tombstone:undead_killed":1,"minecraft:walk_one_cm":39643,"minecraft:sneak_time":283,"minecraft:walk_under_water_one_cm":16620,"minecraft:mob_kills":2,"minecraft:damage_dealt_resisted":20032,"minecraft:jump":35,"minecraft:damage_dealt":1711,"minecraft:leave_game":4,"minecraft:walk_on_water_one_cm":369,"minecraft:time_since_death":13612,"minecraft:total_world_time":21756,"minecraft:swim_one_cm":5661,"minecraft:fly_one_cm":47694},"minecraft:killed":{"born_in_chaos_v1:glutton_fish":1,"minecraft:skeleton":1},"minecraft:used":{"undead_revamp2:invisiimmortal_spawn_egg":17,"born_in_chaos_v1:supreme_measure":2,"undead_revamp2:clogger_spawn_egg":3}},"DataVersion":3465}