{"stats":{"minecraft:killed":{"grimoireofgaia:satyress":1,"born_in_chaos_v1:zombie_lumberjack":1,"vampirism:hunter":1},"minecraft:broken":{"minecraft:wooden_axe":1},"minecraft:crafted":{"minecraft:crafting_table":2,"minecraft:spruce_planks":76,"minecraft:stick":12,"minecraft:wooden_pickaxe":1,"minecraft:stone_pickaxe":1,"minecraft:wooden_axe":2},"minecraft:dropped":{"minecraft:light_gray_wool":1},"minecraft:used":{"minecraft:wooden_axe":36,"born_in_chaos_v1:ethereal_spirit":1,"minecraft:stone_pickaxe":50,"minecraft:wooden_pickaxe":14,"tombstone:grave_key":3,"minecraft:stone_bricks":1,"simplefarming:strawberries":2,"minecraft:light_gray_wool":2,"minecraft:dirt":50,"minecraft:crafting_table":5,"tombstone:gift":4,"simplefarming:raspberries":11,"minecraft:spruce_log":3},"minecraft:custom":{"minecraft:time_since_rest":14512,"minecraft:waystone_activated":1,"minecraft:interact_with_furnace":1,"minecraft:sprint_one_cm":108412,"minecraft:damage_taken":102532,"minecraft:walk_one_cm":153946,"minecraft:mob_kills":3,"vampirism:interact_with_totem":2,"minecraft:drop":1,"vampirism:skills_unlocked":1,"minecraft:damage_dealt":1308,"minecraft:swim_one_cm":3006,"minecraft:interact_with_crafting_table":4,"minecraft:fly_one_cm":154760,"minecraft:open_chest":4,"minecraft:crouch_one_cm":1925,"minecraft:play_time":152772,"tombstone:undead_killed":1,"minecraft:deaths":12,"minecraft:bell_ring":1,"minecraft:sneak_time":751,"minecraft:walk_under_water_one_cm":4400,"minecraft:jump":581,"minecraft:damage_dealt_resisted":121,"minecraft:leave_game":16,"minecraft:walk_on_water_one_cm":1480,"minecraft:time_since_death":24920,"minecraft:sleep_in_bed":9,"minecraft:total_world_time":152772,"minecraft:fall_one_cm":7791},"minecraft:picked_up":{"minecraft:crafting_table":4,"minecraft:wheat":1,"grimoireofgaia:meat":2,"born_in_chaos_v1:ethereal_spirit":1,"born_in_chaos_v1:dark_rod":2,"simplefarming:raspberries":11,"evilcraft:flesh_humanoid":1,"minecraft:spruce_log":22,"skilltree:gem":5,"simplefarming:mango":14,"minecraft:dirt":8,"minecraft:rotten_flesh":3,"minecraft:wheat_seeds":2,"simplefarming:strawberries":2,"minecraft:iron_nugget":1,"minecraft:light_gray_wool":3,"minecraft:coal":43,"minecraft:cobblestone":21},"minecraft:mined":{"minecraft:ice":1,"minecraft:spruce_log":9,"minecraft:light_gray_wool":2,"simplefarming:mango_leaves":1,"minecraft:crafting_table":4,"minecraft:grass_block":5,"minecraft:coal_ore":43,"minecraft:dirt_path":1,"minecraft:dirt":6,"minecraft:packed_ice":9,"minecraft:spruce_leaves":1,"minecraft:stone":21,"simplefarming:fruit_log":1}},"DataVersion":3465}