{"stats":{"minecraft:dropped":{"simplefarming:tomato_seeds":1,"minecraft:stripped_spruce_log":2,"minecraft:stone_axe":1,"butchersdelight:dead_cow":1,"minecraft:wheat_seeds":2,"minecraft:wheat":1,"minecraft:cobblestone":7,"minecraft:light_gray_wool":1,"improvableskills:parchment_fragment":1,"evilcraft:flesh_humanoid":2,"minecraft:stick":9,"minecraft:filled_map":1,"minecraft:dirt":2,"minecraft:spruce_boat":1,"minecraft:shield":1,"skilltree:gem":6,"minecraft:brown_wool":1,"tombstone:grave_dust":4,"minecraft:sandstone":4,"minecraft:stone_pickaxe":2,"minecraft:bone":4},"minecraft:mined":{"minecraft:dark_oak_planks":2,"minecraft:spruce_planks":15,"minecraft:white_bed":5,"quark:shale":4,"upgrade_aquatic:tall_beachgrass":1,"minecraft:crafting_table":9,"minecraft:torch":4,"minecraft:grass_block":8,"minecraft:spruce_fence":1,"minecraft:decorated_pot":1,"minecraft:tall_grass":2,"minecraft:cobblestone":4,"minecraft:spruce_leaves":1,"minecraft:sandstone":13,"minecraft:wall_torch":3,"quark:jasper":3,"minecraft:ice":1,"realmrpg_skeletons:cactus_skeleton":1,"minecraft:spruce_log":9,"minecraft:moss_carpet":1,"minecraft:light_gray_wool":2,"minecraft:stripped_spruce_log":2,"simplefarming:mango_leaves":1,"minecraft:dark_oak_stairs":2,"minecraft:grass":2,"minecraft:coal_ore":53,"minecraft:dirt_path":1,"minecraft:sand":9,"minecraft:dirt":13,"quark:hollow_oak_log":4,"minecraft:packed_ice":9,"minecraft:stone":48,"simplefarming:fruit_log":1,"minecraft:spruce_slab":22},"minecraft:used":{"minecraft:stone_sword":36,"upgrade_aquatic:mulberry":4,"born_in_chaos_v1:ethereal_spirit":1,"minecraft:spruce_slab":16,"minecraft:stone_pickaxe":68,"minecraft:spruce_planks":32,"minecraft:wooden_pickaxe":59,"simplefarming:strawberries":2,"minecraft:torch":3,"minecraft:dirt":62,"minecraft:crafting_table":10,"simplefarming:mango":6,"minecraft:carrot":8,"minecraft:white_bed":6,"simplefarming:raspberries":11,"minecraft:spruce_log":3,"minecraft:spruce_boat":1,"minecraft:wooden_axe":41,"born_in_chaos_v1:monster_flesh":1,"tombstone:grave_key":4,"evilcraft:flesh_humanoid":1,"minecraft:stone_bricks":1,"minecraft:stone_axe":90,"minecraft:light_gray_wool":2,"minecraft:cobblestone":37,"tombstone:gift":4,"grimoireofgaia:meat":2},"minecraft:custom":{"minecraft:interact_with_furnace":1,"minecraft:mob_kills":23,"minecraft:interact_with_crafting_table":11,"minecraft:open_barrel":3,"minecraft:bell_ring":1,"minecraft:damage_dealt_resisted":121,"minecraft:time_since_death":84644,"minecraft:leave_game":22,"minecraft:sleep_in_bed":16,"minecraft:climb_one_cm":419,"minecraft:time_since_rest":16466,"minecraft:waystone_activated":2,"minecraft:sprint_one_cm":240610,"minecraft:damage_taken":103418,"minecraft:walk_one_cm":339026,"vampirism:interact_with_totem":2,"minecraft:drop":36,"vampirism:skills_unlocked":1,"minecraft:damage_dealt":4588,"minecraft:swim_one_cm":19279,"minecraft:fly_one_cm":315738,"minecraft:open_chest":15,"minecraft:crouch_one_cm":8624,"minecraft:play_time":272758,"tombstone:undead_killed":3,"minecraft:deaths":14,"minecraft:sneak_time":12934,"minecraft:walk_under_water_one_cm":6481,"minecraft:jump":1457,"minecraft:walk_on_water_one_cm":9646,"minecraft:total_world_time":272758,"minecraft:fall_one_cm":26364},"minecraft:crafted":{"minecraft:crafting_table":2,"minecraft:spruce_planks":76,"minecraft:wooden_pickaxe":1,"minecraft:stone_axe":1,"minecraft:shield":1,"minecraft:iron_axe":1,"minecraft:spruce_slab":30,"minecraft:stick":16,"minecraft:iron_pickaxe":1,"minecraft:stone_pickaxe":1,"minecraft:wooden_axe":2,"minecraft:stone_sword":1,"minecraft:white_bed":1,"minecraft:spruce_boat":1},"minecraft:broken":{"minecraft:stone_axe":1,"minecraft:wooden_axe":1,"minecraft:wooden_pickaxe":1},"minecraft:killed":{"grimoireofgaia:satyress":1,"born_in_chaos_v1:zombie_lumberjack":1,"minecraft:spider":9,"born_in_chaos_v1:decrepit_skeleton":2,"vampirism:hunter":1,"minecraft:sheep":7,"born_in_chaos_v1:dread_hound":1,"born_in_chaos_v1:corpse_fly":1},"minecraft:picked_up":{"minecraft:crafting_table":9,"minecraft:wheat":1,"born_in_chaos_v1:monster_flesh":1,"minecraft:brown_wool":1,"quark:hollow_oak_log":4,"evilcraft:flesh_humanoid":2,"minecraft:shield":1,"simplefarming:mango":14,"skilltree:gem":6,"minecraft:string":8,"minecraft:dirt":20,"minecraft:moss_carpet":1,"born_in_chaos_v1:monster_skin":1,"minecraft:bone":5,"butchersdelight:dead_cow":2,"minecraft:wheat_seeds":2,"minecraft:spruce_planks":47,"minecraft:stone_pickaxe":1,"simplefarming:tomato_seeds":1,"minecraft:iron_nugget":1,"minecraft:light_gray_wool":3,"minecraft:spruce_slab":12,"upgrade_aquatic:mulberry":2,"minecraft:dark_oak_stairs":1,"minecraft:stick":8,"minecraft:sandstone":13,"grimoireofgaia:meat":2,"quark:shale":4,"born_in_chaos_v1:ethereal_spirit":1,"minecraft:torch":6,"tombstone:grave_dust":3,"simplefarming:raspberries":11,"minecraft:sand":7,"born_in_chaos_v1:dark_rod":2,"minecraft:stripped_spruce_log":2,"minecraft:white_bed":5,"minecraft:spruce_log":22,"minecraft:rotten_flesh":10,"butchersdelight:deadsheep":4,"minecraft:decorated_pot":1,"minecraft:stone_axe":1,"minecraft:spruce_boat":1,"waystones:waystone":1,"simplefarming:strawberries":2,"minecraft:coal":53,"minecraft:white_wool":3,"minecraft:cobblestone":52}},"DataVersion":3465}