{"stats":{"minecraft:used":{"minecraft:stone_sword":119,"born_in_chaos_v1:ethereal_spirit":1,"minecraft:spruce_slab":55,"minecraft:spruce_planks":50,"minecraft:torch":3,"minecraft:dirt":62,"simplefarming:mango":8,"minecraft:carrot":17,"simplefarming:raspberries":11,"minecraft:spruce_boat":1,"minecraft:wooden_axe":41,"minecraft:iron_axe":83,"evilcraft:flesh_humanoid":1,"minecraft:stone_bricks":1,"minecraft:light_gray_wool":2,"tombstone:gift":4,"grimoireofgaia:meat":2,"minecraft:spruce_door":3,"upgrade_aquatic:mulberry":4,"minecraft:stone_pickaxe":68,"minecraft:wooden_pickaxe":59,"simplefarming:strawberries":2,"minecraft:crafting_table":13,"minecraft:white_bed":6,"minecraft:spruce_log":3,"waystones:waystone":1,"born_in_chaos_v1:monster_flesh":1,"minecraft:iron_pickaxe":6,"tombstone:grave_key":4,"minecraft:stone_axe":90,"born_in_chaos_v1:mesh_door":2,"minecraft:cobblestone":37},"minecraft:picked_up":{"minecraft:iron_chestplate":1,"minecraft:crafting_table":10,"minecraft:wheat":1,"quark:hollow_oak_log":4,"minecraft:chain":2,"minecraft:shield":1,"simplefarming:mango":14,"minecraft:string":12,"minecraft:moss_carpet":1,"born_in_chaos_v1:mesh_door":3,"butchersdelight:dead_cow":2,"minecraft:spruce_planks":55,"minecraft:iron_nugget":1,"minecraft:light_gray_wool":3,"minecraft:spruce_slab":26,"upgrade_aquatic:mulberry":2,"minecraft:stick":8,"minecraft:sandstone":13,"grimoireofgaia:meat":2,"minecraft:torch":6,"simplefarming:raspberries":13,"tombstone:grave_dust":3,"butchersdelight:deadsheep":4,"minecraft:rotten_flesh":13,"minecraft:decorated_pot":1,"simplefarming:strawberries":2,"minecraft:white_wool":3,"minecraft:cobblestone":52,"born_in_chaos_v1:monster_flesh":1,"minecraft:brown_wool":1,"evilcraft:flesh_humanoid":2,"skilltree:gem":6,"minecraft:dirt":20,"born_in_chaos_v1:monster_skin":1,"minecraft:bone":5,"minecraft:wheat_seeds":2,"minecraft:stone_pickaxe":1,"simplefarming:tomato_seeds":1,"minecraft:dark_oak_stairs":1,"quark:shale":4,"born_in_chaos_v1:ethereal_spirit":1,"born_in_chaos_v1:dark_rod":2,"minecraft:sand":7,"minecraft:stripped_spruce_log":3,"minecraft:white_bed":5,"minecraft:spruce_log":55,"minecraft:spruce_door":1,"minecraft:spider_eye":2,"minecraft:spruce_boat":1,"minecraft:stone_axe":1,"waystones:waystone":1,"minecraft:iron_helmet":1,"evilcraft:dark_gem":5,"minecraft:coal":53},"minecraft:dropped":{"minecraft:stripped_spruce_log":2,"butchersdelight:dead_cow":1,"minecraft:wheat_seeds":2,"minecraft:cobblestone":7,"improvableskills:parchment_fragment":1,"minecraft:stick":9,"minecraft:dirt":2,"skilltree:gem":6,"minecraft:brown_wool":1,"tombstone:grave_dust":4,"minecraft:bone":4,"simplefarming:tomato_seeds":1,"minecraft:stone_axe":1,"minecraft:wheat":1,"minecraft:light_gray_wool":1,"evilcraft:flesh_humanoid":2,"minecraft:filled_map":1,"minecraft:spruce_boat":1,"minecraft:shield":1,"minecraft:sandstone":4,"minecraft:stone_pickaxe":2},"minecraft:custom":{"minecraft:mob_kills":38,"minecraft:interact_with_crafting_table":16,"minecraft:open_barrel":6,"minecraft:bell_ring":1,"minecraft:damage_dealt_resisted":121,"minecraft:leave_game":37,"minecraft:time_since_death":153202,"minecraft:climb_one_cm":2293,"minecraft:sprint_one_cm":242438,"minecraft:walk_one_cm":411643,"minecraft:drop":36,"vampirism:interact_with_totem":2,"vampirism:skills_unlocked":1,"minecraft:play_time":341316,"minecraft:deaths":14,"minecraft:sneak_time":26231,"minecraft:walk_under_water_one_cm":6481,"minecraft:jump":1528,"minecraft:walk_on_water_one_cm":9767,"minecraft:total_world_time":341316,"minecraft:interact_with_furnace":1,"minecraft:sleep_in_bed":19,"minecraft:time_since_rest":10206,"minecraft:waystone_activated":3,"minecraft:damage_taken":103668,"minecraft:damage_dealt":7899,"minecraft:swim_one_cm":19279,"minecraft:fly_one_cm":316644,"minecraft:open_chest":19,"minecraft:crouch_one_cm":26338,"tombstone:undead_killed":4,"minecraft:fall_one_cm":26786},"minecraft:killed":{"grimoireofgaia:satyress":1,"born_in_chaos_v1:zombie_lumberjack":1,"born_in_chaos_v1:door_knight_not_despawn":1,"minecraft:spider":23,"born_in_chaos_v1:decrepit_skeleton":2,"vampirism:hunter":1,"minecraft:sheep":7,"born_in_chaos_v1:dread_hound":1,"born_in_chaos_v1:corpse_fly":1},"minecraft:crafted":{"minecraft:iron_axe":1,"minecraft:spruce_slab":36,"minecraft:stone_pickaxe":1,"minecraft:spruce_boat":1,"minecraft:crafting_table":3,"minecraft:spruce_planks":208,"minecraft:wooden_pickaxe":1,"minecraft:spruce_door":6,"minecraft:stone_axe":1,"minecraft:shield":1,"minecraft:stick":16,"minecraft:iron_pickaxe":1,"minecraft:wooden_axe":2,"minecraft:stone_sword":1,"minecraft:white_bed":1},"minecraft:broken":{"minecraft:wooden_pickaxe":1,"minecraft:stone_axe":1,"minecraft:wooden_axe":1},"minecraft:mined":{"minecraft:dark_oak_planks":2,"minecraft:spruce_planks":35,"minecraft:white_bed":5,"quark:shale":4,"minecraft:grass_block":8,"minecraft:spruce_fence":1,"minecraft:decorated_pot":1,"minecraft:spruce_leaves":1,"minecraft:sandstone":13,"quark:jasper":3,"realmrpg_skeletons:cactus_skeleton":1,"minecraft:stripped_spruce_log":3,"minecraft:moss_carpet":1,"evilcraft:dark_ore":1,"simplefarming:mango_leaves":1,"minecraft:dark_oak_stairs":2,"minecraft:vine":3,"minecraft:dirt_path":1,"minecraft:packed_ice":9,"minecraft:stone":48,"simplefarming:fruit_log":1,"minecraft:spruce_slab":36,"born_in_chaos_v1:mesh_door":2,"upgrade_aquatic:tall_beachgrass":1,"minecraft:spruce_door":1,"minecraft:crafting_table":10,"minecraft:torch":4,"minecraft:cobblestone":4,"minecraft:tall_grass":2,"minecraft:wall_torch":3,"minecraft:chain":2,"minecraft:ice":1,"minecraft:spruce_log":9,"minecraft:light_gray_wool":2,"minecraft:grass":2,"minecraft:coal_ore":53,"minecraft:sand":9,"minecraft:dirt":13,"quark:hollow_oak_log":4,"minecraft:cobweb":1,"atlantis:ancient_metal_ore":1}},"DataVersion":3465}