{"stats":{"minecraft:picked_up":{"minecraft:crafting_table":1,"minecraft:wheat":1,"born_in_chaos_v1:ethereal_spirit":1,"born_in_chaos_v1:dark_rod":2,"simplefarming:raspberries":4,"minecraft:spruce_log":12,"minecraft:dirt":3,"minecraft:rotten_flesh":1,"minecraft:wheat_seeds":2,"simplefarming:strawberries":1},"minecraft:used":{"minecraft:wooden_axe":3,"born_in_chaos_v1:ethereal_spirit":1,"minecraft:stone_bricks":1,"simplefarming:strawberries":1,"minecraft:dirt":47,"minecraft:crafting_table":2,"tombstone:gift":2,"simplefarming:raspberries":4,"minecraft:spruce_log":1},"minecraft:crafted":{"minecraft:crafting_table":1,"minecraft:spruce_planks":20,"minecraft:stick":4,"minecraft:wooden_axe":1},"minecraft:mined":{"minecraft:spruce_log":6,"minecraft:crafting_table":1,"minecraft:grass_block":2,"minecraft:dirt":5,"minecraft:packed_ice":6,"minecraft:spruce_leaves":1},"minecraft:custom":{"minecraft:time_since_rest":23316,"minecraft:waystone_activated":1,"minecraft:interact_with_furnace":1,"minecraft:sprint_one_cm":58467,"minecraft:damage_taken":1360,"minecraft:walk_one_cm":62085,"minecraft:damage_dealt":39,"vampirism:skills_unlocked":1,"minecraft:swim_one_cm":274,"minecraft:interact_with_crafting_table":1,"minecraft:fly_one_cm":76646,"minecraft:open_chest":4,"minecraft:crouch_one_cm":607,"minecraft:play_time":79135,"minecraft:deaths":4,"minecraft:sneak_time":402,"minecraft:walk_under_water_one_cm":154,"minecraft:jump":263,"minecraft:damage_dealt_resisted":4,"minecraft:leave_game":4,"minecraft:time_since_death":52386,"minecraft:walk_on_water_one_cm":133,"minecraft:sleep_in_bed":4,"minecraft:total_world_time":79135,"minecraft:fall_one_cm":3433}},"DataVersion":3465}