{"stats":{"minecraft:crafted":{"minecraft:crafting_table":2,"minecraft:stick":12,"minecraft:spruce_planks":76,"minecraft:wooden_pickaxe":1,"minecraft:stone_pickaxe":1,"minecraft:wooden_axe":2},"minecraft:killed":{"grimoireofgaia:satyress":1,"born_in_chaos_v1:zombie_lumberjack":1,"vampirism:hunter":1},"minecraft:picked_up":{"minecraft:crafting_table":4,"minecraft:wheat":1,"grimoireofgaia:meat":2,"born_in_chaos_v1:ethereal_spirit":1,"born_in_chaos_v1:dark_rod":2,"simplefarming:raspberries":11,"evilcraft:flesh_humanoid":1,"minecraft:spruce_log":22,"skilltree:gem":5,"simplefarming:mango":10,"minecraft:dirt":5,"minecraft:rotten_flesh":3,"minecraft:wheat_seeds":2,"simplefarming:strawberries":1,"minecraft:iron_nugget":1,"minecraft:light_gray_wool":2,"minecraft:coal":43,"minecraft:cobblestone":21},"minecraft:used":{"minecraft:wooden_axe":35,"born_in_chaos_v1:ethereal_spirit":1,"minecraft:stone_pickaxe":50,"minecraft:wooden_pickaxe":14,"tombstone:grave_key":3,"minecraft:stone_bricks":1,"simplefarming:strawberries":1,"minecraft:dirt":48,"minecraft:crafting_table":5,"tombstone:gift":4,"simplefarming:raspberries":4,"minecraft:spruce_log":3},"minecraft:custom":{"minecraft:time_since_rest":8593,"minecraft:waystone_activated":1,"minecraft:interact_with_furnace":1,"minecraft:sprint_one_cm":89675,"minecraft:damage_taken":102532,"minecraft:walk_one_cm":130892,"minecraft:mob_kills":3,"minecraft:damage_dealt":1308,"vampirism:skills_unlocked":1,"minecraft:fly_one_cm":106448,"minecraft:swim_one_cm":274,"minecraft:interact_with_crafting_table":4,"minecraft:open_chest":4,"minecraft:crouch_one_cm":1792,"minecraft:play_time":136999,"tombstone:undead_killed":1,"minecraft:deaths":12,"minecraft:bell_ring":1,"minecraft:sneak_time":621,"minecraft:walk_under_water_one_cm":847,"minecraft:jump":426,"minecraft:damage_dealt_resisted":121,"minecraft:leave_game":14,"minecraft:time_since_death":9147,"minecraft:walk_on_water_one_cm":273,"minecraft:sleep_in_bed":8,"minecraft:total_world_time":136999,"minecraft:fall_one_cm":5165},"minecraft:mined":{"minecraft:spruce_log":9,"minecraft:light_gray_wool":2,"minecraft:crafting_table":4,"minecraft:grass_block":3,"minecraft:coal_ore":43,"minecraft:dirt":6,"minecraft:packed_ice":9,"minecraft:spruce_leaves":1,"minecraft:stone":21},"minecraft:broken":{"minecraft:wooden_axe":1}},"DataVersion":3465}