{"stats":{"minecraft:custom":{"minecraft:animals_bred":2,"vampirism:interact_with_altar_of_infusion":1,"minecraft:interact_with_crafting_table":106,"minecraft:open_barrel":50,"minecraft:bell_ring":6,"minecraft:leave_game":62,"minecraft:time_since_death":17850,"minecraft:sprint_one_cm":897598,"minecraft:damage_blocked_by_shield":11852,"minecraft:drop":56,"vampirism:interact_with_totem":2,"minecraft:talked_to_villager":10,"minecraft:play_time":1086544,"minecraft:deaths":49,"minecraft:jump":6393,"minecraft:walk_on_water_one_cm":13296,"minecraft:interact_with_furnace":113,"minecraft:traded_with_villager":2,"minecraft:sleep_in_bed":55,"minecraft:waystone_activated":5,"minecraft:damage_dealt":35748,"minecraft:crouch_one_cm":50758,"tombstone:undead_killed":42,"tombstone:villager_killed":1,"minecraft:interact_with_anvil":1,"minecraft:mob_kills":151,"minecraft:damage_dealt_resisted":870,"minecraft:climb_one_cm":67517,"vampirism:amount_bitten":59,"minecraft:walk_one_cm":1921663,"vampirism:skills_unlocked":19,"vampirism:interact_with_altar_inspiration":10,"minecraft:sneak_time":38064,"minecraft:walk_under_water_one_cm":9281,"minecraft:total_world_time":1086544,"vampirism:win_village_capture":1,"vampirism:blood_drunk":21700,"tombstone:raider_killed":9,"minecraft:interact_with_stonecutter":2,"minecraft:time_since_rest":5340,"vampirism:resurrected":8,"minecraft:damage_taken":1243171,"minecraft:swim_one_cm":58840,"minecraft:fly_one_cm":1240269,"minecraft:open_chest":551,"vampirism:defend_village":1,"minecraft:fall_one_cm":167574},"minecraft:used":{"minecraft:writable_book":1,"minecraft:iron_shovel":527,"minecraft:spruce_slab":70,"sophisticatedbackpacks:copper_backpack":1,"minecraft:ladder":1,"vampirism:altar_infusion":2,"minecraft:chest":4,"minecraft:shield":187,"minecraft:iron_sword":111,"minecraft:rotten_flesh":1,"simplefarming:mango":19,"minecraft:carrot":20,"simplefarming:blueberries":2,"simplefarming:raspberries":34,"minecraft:stripped_spruce_log":1,"minecraft:spruce_boat":1,"minecraft:stone_brick_stairs":1,"minecraft:stone_bricks":4,"minecraft:item_frame":1,"minecraft:golden_sword":32,"minecraft:red_carpet":2,"minecraft:furnace":9,"grimoireofgaia:meat":3,"minecraft:potato":3,"atlantis:ancient_metal_ore":1,"minecraft:mossy_stone_bricks":1,"minecraft:cow_spawn_egg":5,"minecraft:spruce_door":3,"upgrade_aquatic:mulberry":4,"minecraft:stone_pickaxe":68,"minecraft:wooden_pickaxe":59,"minecraft:sandstone":21,"vampirism:human_heart":1,"simplefarming:strawberries":17,"ironchest:copper_chest":2,"minecraft:deepslate_tiles":3,"waystones:waystone":2,"quark:hollow_oak_log":4,"born_in_chaos_v1:monster_flesh":1,"minecraft:bread":7,"minecraft:cyan_bed":7,"vampirism:altar_pillar":8,"tombstone:grave_key":26,"minecraft:soul_lantern":4,"vampirism:dark_stone_bricks":2,"born_in_chaos_v1:mesh_door":2,"minecraft:bone_meal":38,"minecraft:experience_bottle":1,"minecraft:oak_fence":10,"minecraft:iron_bars":2,"minecraft:stone_sword":130,"minecraft:flint_and_steel":9,"born_in_chaos_v1:ethereal_spirit":1,"minecraft:spruce_planks":62,"minecraft:torch":39,"minecraft:dirt":68,"minecraft:white_carpet":6,"minecraft:dark_oak_planks":1,"alexsmobs:maggot":2,"minecraft:wooden_axe":45,"butchersdelight:cleaver":13,"quark:spruce_chest":45,"minecraft:iron_axe":542,"evilcraft:flesh_humanoid":1,"minecraft:light_gray_wool":2,"ironchest:gold_chest":1,"tombstone:gift":10,"minecraft:pumpkin":2,"vampirism:altar_inspiration":1,"minecraft:amethyst_block":1,"minecraft:cobblestone_stairs":5,"minecraft:cauldron":1,"minecraft:stonecutter":1,"minecraft:leather_boots":1,"simplefarming:pear":10,"minecraft:cracked_stone_bricks":3,"minecraft:mossy_cobblestone":15,"minecraft:crafting_table":16,"minecraft:white_bed":13,"simplefarming:blackberries":2,"minecraft:infested_stone_bricks":1,"minecraft:spruce_log":3,"tombstone:bag_of_seeds":1,"minecraft:flower_pot":3,"minecraft:iron_pickaxe":640,"minecraft:map":1,"minecraft:suspicious_stew":1,"minecraft:spruce_sapling":27,"vampirism:altar_tip":7,"werewolves:liver":1,"minecraft:stone_axe":90,"minecraft:cobblestone":64,"quark:oak_chest":7,"irons_spellbooks:inscription_table":2,"minecraft:candle":15},"minecraft:dropped":{"minecraft:candle":2,"butchersdelight:dead_cow":1,"improvableskills:parchment_fragment":1,"minecraft:dirt":12,"irons_spellbooks:arcane_essence":24,"minecraft:gold_nugget":1,"minecraft:bone":4,"minecraft:stone_axe":1,"minecraft:wheat":1,"minecraft:rotten_flesh":1,"evilcraft:flesh_humanoid":2,"born_in_chaos_v1:marigolds":1,"minecraft:stripped_spruce_log":2,"minecraft:wheat_seeds":4,"born_in_chaos_v1:mesh_door":1,"minecraft:cobblestone":8,"minecraft:stick":9,"minecraft:brown_wool":1,"skilltree:gem":6,"tombstone:grave_dust":4,"minecraft:iron_axe":1,"minecraft:string":7,"minecraft:spruce_sapling":2,"simplefarming:tomato_seeds":1,"minecraft:white_carpet":2,"minecraft:light_gray_wool":1,"minecraft:filled_map":1,"minecraft:spruce_boat":1,"minecraft:shield":1,"minecraft:sandstone":4,"minecraft:stone_pickaxe":2},"minecraft:crafted":{"minecraft:oak_planks":1,"minecraft:glass":492,"minecraft:iron_boots":1,"sophisticatedbackpacks:copper_backpack":1,"improvableskills:skills_book":1,"vampirism:altar_inspiration":1,"minecraft:golden_sword":1,"minecraft:glass_bottle":82,"blue_skies:blue_journal":1,"minecraft:item_frame":1,"sophisticatedbackpacks:backpack":1,"minecraft:crafting_table":6,"minecraft:spruce_planks":304,"minecraft:wooden_pickaxe":1,"minecraft:iron_helmet":1,"minecraft:spruce_door":6,"minecraft:copper_ingot":40,"butchersdelight:cleaver":1,"minecraft:iron_chestplate":1,"minecraft:shield":7,"minecraft:stick":30,"minecraft:iron_ingot":55,"minecraft:iron_pickaxe":2,"minecraft:stone_sword":1,"minecraft:gold_ingot":14,"minecraft:cherry_planks":3,"minecraft:furnace":6,"blue_skies:zeal_lighter":1,"minecraft:bone_meal":50,"minecraft:spruce_fence":2,"minecraft:leather":2,"minecraft:iron_axe":4,"minecraft:spruce_slab":36,"minecraft:stone_pickaxe":1,"minecraft:spruce_boat":1,"quark:spruce_chest":37,"minecraft:dark_oak_planks":3,"minecraft:wheat":38,"sophisticatedbackpacks:iron_backpack":1,"ironchest:gold_chest":1,"minecraft:iron_sword":1,"ironchest:copper_chest":2,"sophisticatedbackpacks:gold_backpack":1,"minecraft:stone_axe":1,"minecraft:air":1403,"minecraft:bread":91,"minecraft:wooden_axe":3,"minecraft:iron_shovel":2,"minecraft:iron_leggings":2,"minecraft:white_bed":2,"vampirism:blood_container":1,"irons_spellbooks:inscription_table":1,"minecraft:torch":4,"ironchest:iron_chest":1},"minecraft:picked_up":{"irons_spellbooks:scroll":6,"minecraft:iron_chestplate":1,"minecraft:wheat":37,"illagerinvasion:platinum_chunk":1,"minecraft:flower_pot":4,"minecraft:lead":1,"minecraft:stone_slab":1,"quark:hollow_oak_log":8,"minecraft:potion":3,"irons_spellbooks:holy_rune":1,"atlantis:atlantean_fire_melon_fruit_seeds":1,"minecraft:enchanted_book":3,"minecraft:stone_brick_stairs":2,"born_in_chaos_v1:black_argillite_wall":1,"minecraft:brewing_stand":1,"minecraft:amethyst_block":1,"born_in_chaos_v1:black_argillite":18,"simplefarming:zucchini_seeds":1,"minecraft:string":84,"minecraft:dark_oak_trapdoor":4,"born_in_chaos_v1:mesh_door":4,"minecraft:raw_copper":71,"minecraft:experience_bottle":1,"atlantis:ancient_metal_ore":25,"irons_spellbooks:arcane_essence":45,"minecraft:deepslate_tiles":3,"minecraft:gold_nugget":6,"minecraft:spruce_planks":80,"minecraft:redstone_torch":4,"minecraft:iron_pickaxe":1,"alexsmobs:raccoon_tail":1,"minecraft:coal_block":1,"upgrade_aquatic:mulberry":2,"irons_spellbooks:inscription_table":2,"minecraft:furnace":3,"minecraft:stick":25,"improvableskills:parchment_fragment":4,"minecraft:torch":23,"werewolves:liver":1,"minecraft:porkchop":4,"simplefarming:raspberries":34,"irons_spellbooks:furled_map":1,"minecraft:cherry_log":11,"tombstone:grave_dust":13,"vampirism:vampire_fang":1,"vampirism:amulet":1,"born_in_chaos_v1:black_argillite_brick_stairs":7,"minecraft:cauldron":2,"minecraft:goat_horn":1,"minecraft:rotten_flesh":68,"minecraft:iron_block":2,"minecraft:mangrove_roots":2,"minecraft:blaze_rod":6,"minecraft:iron_bars":10,"minecraft:snowball":5,"minecraft:cobblestone":158,"minecraft:magma_block":20,"minecraft:feather":19,"minecraft:brown_wool":3,"ironchest:copper_chest":1,"butchersdelight:deadpig":9,"minecraft:flint":11,"evilcraft:flesh_humanoid":2,"skilltree:gem":35,"minecraft:lapis_lazuli":6,"minecraft:dirt":48,"born_in_chaos_v1:monster_skin":1,"born_in_chaos_v1:marigolds":2,"minecraft:bone":52,"minecraft:stonecutter":1,"minecraft:bow":3,"minecraft:wheat_seeds":81,"vampirism:altar_pillar":8,"minecraft:mossy_stone_bricks":6,"simplefarming:tomato_seeds":1,"minecraft:oak_planks":1,"minecraft:diorite_wall":4,"irons_spellbooks:frozen_bone":4,"quark:shale":4,"irons_spellbooks:legendary_ink":1,"butchersdelight:cow_hide":14,"minecraft:sand":502,"minecraft:stripped_spruce_log":4,"minecraft:fermented_spider_eye":2,"sophisticatedbackpacks:iron_backpack":1,"minecraft:loom":1,"minecraft:cyan_bed":7,"minecraft:dark_oak_log":18,"minecraft:barrel":15,"minecraft:mossy_cobblestone":38,"minecraft:bundle":2,"irons_spellbooks:ice_rune":1,"minecraft:sugar":3,"minecraft:yellow_carpet":4,"born_in_chaos_v1:fire_dust":7,"minecraft:spruce_boat":1,"irons_spellbooks:divine_pearl":7,"minecraft:soul_lantern":4,"waystones:waystone":5,"minecraft:writable_book":1,"minecraft:bone_meal":2,"minecraft:emerald":13,"butchersdelight:deadllama":3,"minecraft:bread":9,"minecraft:blue_banner":1,"alexsmobs:maggot":2,"irons_spellbooks:uncommon_ink":3,"born_in_chaos_v1:rotten_fish":4,"simplefarming:cassava_seeds":2,"minecraft:netherrack":1,"minecraft:crimson_roots":1,"minecraft:crafting_table":12,"minecraft:coarse_dirt":1,"grimoireofgaia:soulfire":6,"minecraft:ladder":2,"minecraft:rabbit_stew":2,"minecraft:brown_mushroom":6,"minecraft:stone_brick_wall":38,"minecraft:diorite_slab":5,"minecraft:gold_block":10,"minecraft:chain":11,"born_in_chaos_v1:fired_black_argillite":8,"minecraft:shield":1,"born_in_chaos_v1:black_argillite_column":1,"simplefarming:mango":23,"minecraft:moss_carpet":1,"minecraft:iron_axe":1,"minecraft:white_carpet":19,"born_in_chaos_v1:black_argillite_brick":10,"butchersdelight:dead_cow":20,"minecraft:cracked_stone_bricks":14,"quark:spruce_chest":9,"minecraft:candle":17,"minecraft:beef":28,"irons_spellbooks:epic_ink":1,"minecraft:iron_nugget":31,"minecraft:spruce_slab":40,"minecraft:light_gray_wool":3,"bossominium:vex_wing":1,"minecraft:lectern":1,"tombstone:tablet_of_assistance":1,"minecraft:chest":8,"simplefarming:barley_seeds":1,"minecraft:spruce_trapdoor":1,"minecraft:phantom_membrane":9,"minecraft:raw_iron":43,"minecraft:sandstone":26,"grimoireofgaia:meat":5,"simplefarming:pear":36,"simplefarming:cantaloupe_seeds":1,"minecraft:bowl":3,"born_in_chaos_v1:pieceofdarkmetal":3,"minecraft:redstone":15,"minecraft:iron_horse_armor":1,"minecraft:dark_oak_planks":1,"minecraft:arrow":17,"butchersdelight:deadsheep":14,"minecraft:decorated_pot":1,"minecraft:beetroot_seeds":34,"simplefarming:strawberries":19,"minecraft:hay_block":35,"simplefarming:ginger_seeds":1,"minecraft:saddle":2,"minecraft:gold_ingot":14,"sophisticatedbackpacks:copper_backpack":1,"minecraft:mutton":10,"minecraft:white_wool":14,"minecraft:bone_block":4,"minecraft:rail":8,"born_in_chaos_v1:corpse_maggot":1,"born_in_chaos_v1:black_argillite_column_slab":4,"vampirism:item_tent":1,"born_in_chaos_v1:monster_flesh":1,"minecraft:tripwire_hook":1,"minecraft:leather":14,"minecraft:filled_map":2,"minecraft:ice":21,"minecraft:crimson_fungus":32,"minecraft:oak_log":1,"minecraft:gunpowder":8,"minecraft:cobblestone_stairs":6,"simplefarming:broccoli_seeds":1,"minecraft:paper":38,"minecraft:white_banner":1,"irons_spellbooks:rare_ink":3,"irons_spellbooks:common_ink":1,"minecraft:red_carpet":3,"vampirism:human_heart":3,"minecraft:stone_bricks":32,"minecraft:iron_ingot":9,"minecraft:stone_pickaxe":1,"minecraft:cobweb":19,"tombstone:bag_of_seeds":1,"vampirism:holy_water_bottle_ultimate":1,"minecraft:soul_sand":2,"minecraft:dark_oak_stairs":7,"minecraft:book":42,"minecraft:oak_slab":1,"minecraft:sweet_berries":4,"minecraft:pumpkin":2,"minecraft:stone_brick_slab":1,"born_in_chaos_v1:ethereal_spirit":1,"born_in_chaos_v1:black_argillitepressureplate":1,"minecraft:dandelion":7,"simplefarming:blueberries":2,"born_in_chaos_v1:dark_rod":2,"minecraft:amethyst_shard":3,"minecraft:spruce_sapling":29,"minecraft:white_bed":12,"minecraft:spruce_log":151,"vampirism:altar_infusion":2,"quark:oak_chest":13,"minecraft:mossy_stone_brick_slab":1,"minecraft:spruce_door":2,"minecraft:spider_eye":6,"simplefarming:blackberries":2,"minecraft:infested_stone_bricks":3,"butchersdelight:sheephide":10,"vampirism:altar_tip":7,"minecraft:stone_axe":1,"vampirism:dark_stone_bricks":2,"evilcraft:dark_gem":5,"minecraft:iron_helmet":1,"minecraft:cherry_sapling":1,"tombstone:magic_scroll":2,"minecraft:coal":210,"minecraft:sunflower":1,"minecraft:ender_pearl":3},"minecraft:broken":{"minecraft:iron_shovel":2,"minecraft:iron_boots":1,"minecraft:iron_chestplate":1,"minecraft:iron_leggings":1,"minecraft:golden_sword":1,"minecraft:stone_axe":1,"minecraft:wooden_axe":1,"minecraft:stone_sword":1,"minecraft:leather_chestplate":1,"minecraft:wooden_pickaxe":1,"minecraft:shield":4,"minecraft:iron_axe":3,"minecraft:leather_boots":1,"minecraft:iron_pickaxe":2,"minecraft:iron_helmet":1},"minecraft:mined":{"undead_revamp2:arapholia":1,"minecraft:spruce_planks":35,"minecraft:white_bed":12,"minecraft:mossy_stone_brick_slab":1,"minecraft:cherry_log":3,"minecraft:cobblestone_stairs":6,"minecraft:brewing_stand":1,"minecraft:spruce_trapdoor":1,"minecraft:stone_brick_wall":39,"minecraft:grass_block":16,"born_in_chaos_v1:dark_metal_deposit":3,"minecraft:yellow_carpet":2,"minecraft:infested_cobblestone":1,"ironchest:copper_chest":1,"minecraft:tall_seagrass":1,"minecraft:magma_block":15,"minecraft:dark_oak_trapdoor":4,"minecraft:iron_ore":43,"minecraft:barrel":16,"minecraft:fire":1,"born_in_chaos_v1:black_argillite_brick_stairs":8,"minecraft:moss_carpet":1,"minecraft:pumpkin":2,"minecraft:dark_oak_stairs":9,"realmrpg_skeletons:devastated_skeleton":1,"minecraft:dirt_path":3,"minecraft:iron_bars":10,"simplefarming:fruit_log":1,"sophisticatedbackpacks:copper_backpack":1,"minecraft:spruce_slab":49,"minecraft:blue_wall_banner":1,"minecraft:crimson_nylium":1,"upgrade_aquatic:tall_beachgrass":11,"minecraft:soul_lantern":2,"minecraft:torch":18,"minecraft:chest":8,"born_in_chaos_v1:black_argillite_column_slab":4,"minecraft:cobblestone":46,"minecraft:cyan_bed":7,"minecraft:wall_torch":8,"minecraft:cauldron":2,"minecraft:amethyst_block":1,"minecraft:seagrass":1,"minecraft:chain":12,"realmrpg_skeletons:bow_skeleton":2,"born_in_chaos_v1:fired_black_argillite":8,"minecraft:blue_ice":1,"minecraft:light_gray_wool":2,"born_in_chaos_v1:black_argillite_brick":10,"minecraft:stone_brick_stairs":1,"minecraft:grass":79,"minecraft:oak_log":1,"minecraft:diorite_wall":4,"minecraft:dirt":21,"minecraft:loom":1,"minecraft:sand":508,"quark:hollow_oak_log":8,"upgrade_aquatic:beachgrass":18,"structure_gel:dynamic_spawner":4,"born_in_chaos_v1:infernal_evil_pumpkin_s":1,"born_in_chaos_v1:black_argillite_wall":1,"minecraft:stonecutter":1,"minecraft:netherrack":2,"minecraft:oak_leaves":25,"vampirism:dark_stone_bricks":2,"minecraft:deepslate_tiles":3,"minecraft:red_carpet":3,"minecraft:mossy_cobblestone":39,"quark:shale":4,"minecraft:candle":7,"minecraft:dark_oak_log":18,"minecraft:mangrove_roots":2,"vampirism:altar_pillar":8,"minecraft:ladder":1,"minecraft:spruce_fence":1,"minecraft:decorated_pot":1,"born_in_chaos_v1:black_argillite":19,"minecraft:soul_campfire":1,"minecraft:spruce_leaves":40,"minecraft:sandstone":26,"quark:jasper":3,"minecraft:large_fern":3,"minecraft:hay_block":36,"born_in_chaos_v1:black_argillite_column":1,"minecraft:diorite_slab":5,"minecraft:furnace":3,"realmrpg_skeletons:cactus_skeleton":1,"minecraft:stripped_spruce_log":3,"evilcraft:dark_ore":1,"simplefarming:mango_leaves":1,"minecraft:gold_block":9,"minecraft:bookshelf":9,"vampirism:altar_infusion":2,"minecraft:vine":3,"minecraft:packed_ice":14,"irons_spellbooks:inscription_table":2,"butchersdelight:deadllamablock":1,"minecraft:stone":112,"minecraft:bone_block":4,"minecraft:white_wool":6,"born_in_chaos_v1:mesh_door":2,"minecraft:oak_slab":2,"born_in_chaos_v1:marigolds":1,"minecraft:infested_stone_bricks":1,"quark:oak_chest":12,"minecraft:stone_brick_slab":1,"minecraft:dandelion":7,"minecraft:spruce_door":2,"vampirism:tent_main":1,"minecraft:crafting_table":12,"minecraft:emerald_ore":3,"minecraft:lectern":1,"minecraft:stone_slab":1,"minecraft:copper_ore":21,"minecraft:tall_grass":38,"born_in_chaos_v1:chipped_black_argillite_brick":1,"minecraft:coarse_dirt":1,"minecraft:ice":1,"minecraft:white_carpet":20,"minecraft:spruce_log":9,"minecraft:birch_leaves":5,"born_in_chaos_v1:black_argillitepressureplate":1,"minecraft:coal_ore":158,"quark:spruce_chest":9,"minecraft:sunflower":1,"minecraft:flower_pot":3,"minecraft:cobweb":20,"minecraft:cracked_stone_bricks":14,"atlantis:ancient_metal_ore":26,"minecraft:stone_bricks":28,"minecraft:mossy_stone_bricks":6,"minecraft:dark_oak_planks":3,"vampirism:altar_tip":7},"minecraft:killed_by":{"minecraft:vex":1},"minecraft:killed":{"undead_revamp2:thewolf":1,"vampirism:vampire":2,"born_in_chaos_v1:zombie_lumberjack":1,"irons_spellbooks:priest":1,"born_in_chaos_v1:door_knight_not_despawn":1,"minecraft:spider":35,"irons_spellbooks:cryomancer":1,"grimoireofgaia:minotaurus":2,"undead_revamp2:theswarmer":1,"minecraft:skeleton":23,"minecraft:bee":1,"minecraft:silverfish":4,"vampirism:advanced_hunter":2,"grimoireofgaia:banshee":2,"minecraft:creeper":1,"vampirism:hunter":7,"minecraft:sheep":8,"minecraft:pillager":2,"minecraft:zombie":11,"born_in_chaos_v1:dread_hound":1,"born_in_chaos_v1:corpse_fly":1,"enemyexpansion:botfly":6,"vampirism_integrations:female_villager_mca_angry":1,"grimoireofgaia:harpy":3,"alexsmobs:fly":1,"minecraft:vex":1,"grimoireofgaia:satyress":2,"alexsmobs:raccoon":1,"minecraft:vindicator":2,"illagerinvasion:marauder":5,"born_in_chaos_v1:maggot":1,"born_in_chaos_v1:corpse_fish":3,"grimoireofgaia:dullahan":1,"born_in_chaos_v1:decrepit_skeleton":2}},"DataVersion":3465}