{"stats":{"minecraft:picked_up":{"minecraft:crafting_table":2,"minecraft:wheat":1,"born_in_chaos_v1:ethereal_spirit":1,"born_in_chaos_v1:dark_rod":2,"simplefarming:raspberries":4,"minecraft:spruce_log":13,"minecraft:dirt":3,"minecraft:rotten_flesh":1,"minecraft:wheat_seeds":2,"simplefarming:strawberries":1},"minecraft:used":{"minecraft:wooden_axe":6,"born_in_chaos_v1:ethereal_spirit":1,"minecraft:stone_bricks":1,"simplefarming:strawberries":1,"minecraft:dirt":47,"minecraft:crafting_table":2,"tombstone:gift":2,"simplefarming:raspberries":4,"minecraft:spruce_log":1},"minecraft:crafted":{"minecraft:crafting_table":1,"minecraft:spruce_planks":20,"minecraft:stick":4,"minecraft:wooden_axe":1},"minecraft:mined":{"minecraft:spruce_log":7,"minecraft:crafting_table":2,"minecraft:grass_block":2,"minecraft:dirt":5,"minecraft:packed_ice":6,"minecraft:spruce_leaves":1},"minecraft:custom":{"minecraft:time_since_rest":1,"minecraft:waystone_activated":1,"minecraft:interact_with_furnace":1,"minecraft:sprint_one_cm":62041,"minecraft:damage_taken":101602,"minecraft:walk_one_cm":71397,"minecraft:damage_dealt":97,"vampirism:skills_unlocked":1,"minecraft:swim_one_cm":274,"minecraft:interact_with_crafting_table":1,"minecraft:fly_one_cm":83475,"minecraft:open_chest":4,"minecraft:crouch_one_cm":607,"minecraft:play_time":90513,"minecraft:deaths":6,"minecraft:sneak_time":402,"minecraft:walk_under_water_one_cm":154,"minecraft:jump":290,"minecraft:damage_dealt_resisted":4,"minecraft:leave_game":5,"minecraft:time_since_death":306,"minecraft:walk_on_water_one_cm":133,"minecraft:sleep_in_bed":5,"minecraft:total_world_time":90513,"minecraft:fall_one_cm":3433}},"DataVersion":3465}