{"stats":{"minecraft:killed":{"undead_revamp2:therod":1,"minecraft:skeleton":1,"born_in_chaos_v1:glutton_fish":1},"minecraft:picked_up":{"minecraft:arrow":1,"vampirism:item_garlic":1,"minecraft:iron_ingot":2},"minecraft:used":{"undead_revamp2:invisiimmortal_spawn_egg":17,"born_in_chaos_v1:supreme_measure":3,"undead_revamp2:clogger_spawn_egg":3,"alexsmobs:spawn_egg_endergrade":1,"alexsmobs:spawn_egg_seal":1,"alexsmobs:spawn_egg_mungus":1},"minecraft:custom":{"minecraft:time_since_rest":19917,"minecraft:open_chest":1,"minecraft:crouch_one_cm":248,"minecraft:deaths":1,"minecraft:play_time":29051,"minecraft:sprint_one_cm":6342,"tombstone:undead_killed":2,"minecraft:damage_taken":230,"minecraft:walk_one_cm":44222,"minecraft:sneak_time":303,"minecraft:walk_under_water_one_cm":16620,"minecraft:mob_kills":3,"minecraft:damage_dealt_resisted":20032,"minecraft:jump":37,"minecraft:damage_dealt":2021,"minecraft:leave_game":5,"minecraft:walk_on_water_one_cm":369,"minecraft:time_since_death":20907,"minecraft:total_world_time":29051,"minecraft:swim_one_cm":5661,"minecraft:fly_one_cm":52973}},"DataVersion":3465}