{"stats":{"minecraft:killed":{"vampirism:vampire":2,"born_in_chaos_v1:zombie_lumberjack":1,"irons_spellbooks:priest":1,"born_in_chaos_v1:door_knight_not_despawn":1,"minecraft:spider":34,"undead_revamp2:theswarmer":1,"minecraft:skeleton":20,"minecraft:bee":1,"minecraft:silverfish":4,"grimoireofgaia:banshee":1,"vampirism:hunter":1,"minecraft:sheep":8,"minecraft:pillager":2,"minecraft:zombie":4,"born_in_chaos_v1:dread_hound":1,"born_in_chaos_v1:corpse_fly":1,"enemyexpansion:botfly":5,"grimoireofgaia:harpy":1,"alexsmobs:fly":1,"grimoireofgaia:satyress":2,"illagerinvasion:marauder":3,"born_in_chaos_v1:maggot":1,"born_in_chaos_v1:corpse_fish":3,"grimoireofgaia:dullahan":1,"born_in_chaos_v1:decrepit_skeleton":2},"minecraft:mined":{"minecraft:dark_oak_planks":2,"minecraft:spruce_planks":35,"minecraft:white_bed":5,"minecraft:mossy_stone_brick_slab":1,"minecraft:grass_block":14,"minecraft:infested_cobblestone":1,"minecraft:iron_ore":22,"minecraft:fire":1,"minecraft:barrel":3,"minecraft:pumpkin":2,"minecraft:moss_carpet":1,"minecraft:dark_oak_stairs":3,"realmrpg_skeletons:devastated_skeleton":1,"minecraft:dirt_path":3,"simplefarming:fruit_log":1,"sophisticatedbackpacks:copper_backpack":1,"minecraft:spruce_slab":49,"minecraft:blue_wall_banner":1,"upgrade_aquatic:tall_beachgrass":1,"minecraft:torch":4,"minecraft:chest":1,"minecraft:cobblestone":5,"minecraft:cyan_bed":7,"minecraft:wall_torch":3,"minecraft:seagrass":1,"minecraft:chain":2,"minecraft:light_gray_wool":2,"minecraft:grass":22,"minecraft:oak_log":1,"minecraft:sand":9,"minecraft:dirt":16,"quark:hollow_oak_log":8,"structure_gel:dynamic_spawner":2,"born_in_chaos_v1:infernal_evil_pumpkin_s":1,"minecraft:oak_leaves":24,"vampirism:dark_stone_bricks":2,"minecraft:deepslate_tiles":3,"quark:shale":4,"minecraft:dark_oak_log":2,"vampirism:altar_pillar":8,"minecraft:spruce_fence":1,"minecraft:decorated_pot":1,"minecraft:spruce_leaves":4,"minecraft:sandstone":25,"quark:jasper":3,"minecraft:large_fern":1,"minecraft:hay_block":23,"realmrpg_skeletons:cactus_skeleton":1,"minecraft:stripped_spruce_log":3,"evilcraft:dark_ore":1,"simplefarming:mango_leaves":1,"minecraft:bookshelf":8,"vampirism:altar_infusion":1,"minecraft:vine":3,"minecraft:packed_ice":9,"butchersdelight:deadllamablock":1,"irons_spellbooks:inscription_table":1,"minecraft:stone":78,"minecraft:white_wool":6,"born_in_chaos_v1:mesh_door":2,"born_in_chaos_v1:marigolds":1,"quark:oak_chest":1,"minecraft:spruce_door":2,"minecraft:dandelion":2,"minecraft:crafting_table":11,"minecraft:emerald_ore":3,"minecraft:tall_grass":5,"minecraft:copper_ore":8,"minecraft:ice":1,"minecraft:white_carpet":5,"minecraft:spruce_log":9,"minecraft:birch_leaves":5,"minecraft:coal_ore":53,"quark:spruce_chest":1,"minecraft:flower_pot":3,"minecraft:cobweb":19,"minecraft:cracked_stone_bricks":1,"atlantis:ancient_metal_ore":22,"minecraft:stone_bricks":1,"vampirism:altar_tip":4},"minecraft:crafted":{"minecraft:oak_planks":1,"minecraft:iron_boots":1,"sophisticatedbackpacks:copper_backpack":1,"minecraft:golden_sword":1,"sophisticatedbackpacks:backpack":1,"minecraft:crafting_table":5,"minecraft:spruce_planks":208,"minecraft:wooden_pickaxe":1,"minecraft:spruce_door":6,"minecraft:copper_ingot":28,"minecraft:shield":6,"minecraft:stick":28,"minecraft:iron_ingot":22,"minecraft:iron_pickaxe":1,"minecraft:stone_sword":1,"minecraft:furnace":2,"minecraft:spruce_fence":2,"minecraft:leather":2,"minecraft:iron_axe":2,"minecraft:spruce_slab":36,"minecraft:stone_pickaxe":1,"minecraft:spruce_boat":1,"quark:spruce_chest":5,"minecraft:wheat":27,"sophisticatedbackpacks:iron_backpack":1,"minecraft:iron_sword":1,"sophisticatedbackpacks:gold_backpack":1,"minecraft:stone_axe":1,"minecraft:bread":61,"minecraft:air":270,"minecraft:wooden_axe":2,"minecraft:iron_leggings":1,"minecraft:white_bed":1,"irons_spellbooks:inscription_table":1,"minecraft:torch":4},"minecraft:dropped":{"butchersdelight:dead_cow":1,"improvableskills:parchment_fragment":1,"minecraft:dirt":12,"irons_spellbooks:arcane_essence":24,"minecraft:gold_nugget":1,"minecraft:bone":4,"minecraft:stone_axe":1,"minecraft:wheat":1,"minecraft:rotten_flesh":1,"evilcraft:flesh_humanoid":2,"born_in_chaos_v1:marigolds":1,"minecraft:stripped_spruce_log":2,"minecraft:wheat_seeds":4,"born_in_chaos_v1:mesh_door":1,"minecraft:cobblestone":8,"minecraft:stick":9,"minecraft:brown_wool":1,"skilltree:gem":6,"tombstone:grave_dust":4,"minecraft:iron_axe":1,"minecraft:string":7,"minecraft:spruce_sapling":2,"simplefarming:tomato_seeds":1,"minecraft:light_gray_wool":1,"minecraft:filled_map":1,"minecraft:spruce_boat":1,"minecraft:shield":1,"minecraft:sandstone":4,"minecraft:stone_pickaxe":2},"minecraft:used":{"irons_spellbooks:inscription_table":2,"minecraft:writable_book":1,"minecraft:spruce_slab":70,"sophisticatedbackpacks:copper_backpack":1,"minecraft:shield":151,"minecraft:iron_sword":64,"minecraft:rotten_flesh":1,"simplefarming:mango":19,"minecraft:carrot":20,"simplefarming:raspberries":34,"minecraft:spruce_boat":1,"minecraft:stone_bricks":1,"minecraft:golden_sword":32,"minecraft:furnace":2,"grimoireofgaia:meat":3,"minecraft:potato":3,"minecraft:spruce_door":3,"upgrade_aquatic:mulberry":4,"minecraft:stone_pickaxe":68,"minecraft:wooden_pickaxe":59,"minecraft:sandstone":20,"simplefarming:strawberries":17,"minecraft:deepslate_tiles":3,"waystones:waystone":2,"quark:hollow_oak_log":4,"born_in_chaos_v1:monster_flesh":1,"minecraft:cyan_bed":6,"minecraft:bread":6,"tombstone:grave_key":13,"vampirism:dark_stone_bricks":2,"born_in_chaos_v1:mesh_door":2,"minecraft:stone_sword":130,"born_in_chaos_v1:ethereal_spirit":1,"minecraft:spruce_planks":52,"minecraft:torch":5,"minecraft:dirt":68,"minecraft:white_carpet":5,"alexsmobs:maggot":2,"minecraft:wooden_axe":41,"quark:spruce_chest":5,"minecraft:iron_axe":286,"evilcraft:flesh_humanoid":1,"minecraft:light_gray_wool":2,"tombstone:gift":10,"minecraft:pumpkin":2,"minecraft:leather_boots":1,"simplefarming:pear":10,"minecraft:cracked_stone_bricks":1,"minecraft:crafting_table":15,"simplefarming:blackberries":2,"minecraft:white_bed":6,"minecraft:spruce_log":3,"minecraft:flower_pot":3,"minecraft:suspicious_stew":1,"minecraft:iron_pickaxe":136,"minecraft:stone_axe":90,"minecraft:cobblestone":37},"minecraft:broken":{"minecraft:golden_sword":1,"minecraft:stone_axe":1,"minecraft:wooden_axe":1,"minecraft:stone_sword":1,"minecraft:wooden_pickaxe":1,"minecraft:shield":3,"minecraft:iron_axe":1,"minecraft:leather_boots":1},"minecraft:picked_up":{"minecraft:iron_chestplate":1,"minecraft:wheat":1,"illagerinvasion:platinum_chunk":1,"minecraft:flower_pot":3,"minecraft:lead":1,"quark:hollow_oak_log":8,"irons_spellbooks:holy_rune":1,"minecraft:string":48,"born_in_chaos_v1:mesh_door":4,"minecraft:raw_copper":28,"atlantis:ancient_metal_ore":21,"irons_spellbooks:arcane_essence":29,"minecraft:deepslate_tiles":3,"minecraft:gold_nugget":3,"minecraft:spruce_planks":55,"upgrade_aquatic:mulberry":2,"irons_spellbooks:inscription_table":1,"minecraft:stick":8,"minecraft:torch":6,"simplefarming:raspberries":34,"tombstone:grave_dust":11,"vampirism:vampire_fang":1,"minecraft:rotten_flesh":26,"minecraft:iron_block":2,"minecraft:cobblestone":86,"minecraft:feather":3,"minecraft:brown_wool":1,"butchersdelight:deadpig":1,"minecraft:flint":9,"evilcraft:flesh_humanoid":2,"skilltree:gem":9,"minecraft:dirt":41,"born_in_chaos_v1:monster_skin":1,"born_in_chaos_v1:marigolds":2,"minecraft:bone":33,"minecraft:bow":1,"minecraft:wheat_seeds":8,"vampirism:altar_pillar":8,"simplefarming:tomato_seeds":1,"quark:shale":4,"minecraft:sand":7,"minecraft:stripped_spruce_log":3,"sophisticatedbackpacks:iron_backpack":1,"minecraft:cyan_bed":7,"minecraft:dark_oak_log":2,"minecraft:barrel":2,"minecraft:spruce_boat":1,"waystones:waystone":4,"minecraft:bread":4,"butchersdelight:deadllama":3,"minecraft:emerald":6,"minecraft:blue_banner":1,"alexsmobs:maggot":2,"born_in_chaos_v1:rotten_fish":3,"minecraft:crafting_table":11,"grimoireofgaia:soulfire":5,"minecraft:brown_mushroom":4,"minecraft:gold_block":1,"minecraft:chain":2,"minecraft:shield":1,"simplefarming:mango":23,"minecraft:moss_carpet":1,"minecraft:iron_axe":1,"minecraft:white_carpet":5,"butchersdelight:dead_cow":5,"minecraft:cracked_stone_bricks":1,"quark:spruce_chest":1,"minecraft:iron_nugget":11,"minecraft:spruce_slab":40,"minecraft:light_gray_wool":3,"minecraft:chest":1,"minecraft:raw_iron":22,"minecraft:sandstone":25,"grimoireofgaia:meat":5,"simplefarming:pear":36,"minecraft:redstone":1,"minecraft:iron_horse_armor":1,"minecraft:arrow":15,"butchersdelight:deadsheep":5,"minecraft:decorated_pot":1,"simplefarming:strawberries":19,"minecraft:hay_block":22,"minecraft:saddle":1,"minecraft:gold_ingot":1,"sophisticatedbackpacks:copper_backpack":1,"minecraft:white_wool":7,"born_in_chaos_v1:corpse_maggot":1,"born_in_chaos_v1:monster_flesh":1,"minecraft:crimson_fungus":32,"minecraft:oak_log":1,"minecraft:gunpowder":1,"minecraft:white_banner":1,"irons_spellbooks:rare_ink":2,"minecraft:stone_bricks":6,"minecraft:iron_ingot":1,"minecraft:stone_pickaxe":1,"minecraft:dark_oak_stairs":1,"minecraft:book":24,"minecraft:pumpkin":2,"born_in_chaos_v1:ethereal_spirit":1,"minecraft:dandelion":2,"born_in_chaos_v1:dark_rod":2,"minecraft:spruce_sapling":4,"minecraft:white_bed":5,"minecraft:spruce_log":55,"vampirism:altar_infusion":1,"minecraft:spider_eye":6,"quark:oak_chest":1,"minecraft:mossy_stone_brick_slab":1,"minecraft:spruce_door":2,"simplefarming:blackberries":2,"vampirism:altar_tip":4,"minecraft:stone_axe":1,"vampirism:dark_stone_bricks":2,"minecraft:iron_helmet":1,"evilcraft:dark_gem":5,"tombstone:magic_scroll":2,"minecraft:coal":53,"irons_spellbooks:scroll":1,"minecraft:ender_pearl":1},"minecraft:custom":{"minecraft:animals_bred":1,"minecraft:interact_with_crafting_table":41,"minecraft:open_barrel":30,"minecraft:bell_ring":3,"minecraft:leave_game":54,"minecraft:time_since_death":3917,"minecraft:sprint_one_cm":528080,"minecraft:damage_blocked_by_shield":8050,"vampirism:interact_with_totem":2,"minecraft:drop":53,"minecraft:talked_to_villager":6,"minecraft:play_time":646662,"minecraft:deaths":29,"minecraft:jump":3761,"minecraft:walk_on_water_one_cm":10358,"minecraft:interact_with_furnace":24,"minecraft:sleep_in_bed":37,"minecraft:waystone_activated":4,"minecraft:damage_dealt":21748,"minecraft:crouch_one_cm":42213,"tombstone:undead_killed":30,"minecraft:mob_kills":104,"minecraft:damage_dealt_resisted":449,"minecraft:climb_one_cm":33060,"minecraft:walk_one_cm":1099072,"vampirism:skills_unlocked":1,"minecraft:sneak_time":33907,"minecraft:walk_under_water_one_cm":7450,"minecraft:total_world_time":646662,"tombstone:raider_killed":5,"minecraft:time_since_rest":1546,"minecraft:damage_taken":109658,"minecraft:swim_one_cm":30481,"minecraft:fly_one_cm":670474,"minecraft:open_chest":129,"minecraft:fall_one_cm":81573}},"DataVersion":3465}