{"stats":{"minecraft:killed":{"vampirism:vampire":2,"born_in_chaos_v1:zombie_lumberjack":1,"irons_spellbooks:priest":1,"born_in_chaos_v1:door_knight_not_despawn":1,"minecraft:spider":34,"irons_spellbooks:cryomancer":1,"undead_revamp2:theswarmer":1,"minecraft:skeleton":20,"minecraft:bee":1,"minecraft:silverfish":4,"grimoireofgaia:banshee":1,"vampirism:hunter":1,"minecraft:sheep":8,"minecraft:pillager":2,"minecraft:zombie":4,"born_in_chaos_v1:dread_hound":1,"born_in_chaos_v1:corpse_fly":1,"enemyexpansion:botfly":5,"grimoireofgaia:harpy":1,"alexsmobs:fly":1,"grimoireofgaia:satyress":2,"illagerinvasion:marauder":3,"born_in_chaos_v1:maggot":1,"born_in_chaos_v1:corpse_fish":3,"grimoireofgaia:dullahan":1,"born_in_chaos_v1:decrepit_skeleton":2},"minecraft:mined":{"minecraft:dark_oak_planks":3,"minecraft:spruce_planks":35,"minecraft:white_bed":5,"minecraft:mossy_stone_brick_slab":1,"minecraft:cobblestone_stairs":6,"minecraft:stone_brick_wall":39,"minecraft:grass_block":14,"minecraft:infested_cobblestone":1,"minecraft:yellow_carpet":2,"minecraft:iron_ore":22,"minecraft:fire":1,"minecraft:barrel":10,"minecraft:pumpkin":2,"minecraft:moss_carpet":1,"minecraft:dark_oak_stairs":3,"realmrpg_skeletons:devastated_skeleton":1,"minecraft:dirt_path":3,"minecraft:iron_bars":10,"simplefarming:fruit_log":1,"sophisticatedbackpacks:copper_backpack":1,"minecraft:spruce_slab":49,"minecraft:blue_wall_banner":1,"upgrade_aquatic:tall_beachgrass":1,"minecraft:torch":4,"minecraft:chest":3,"minecraft:cobblestone":14,"minecraft:cyan_bed":7,"minecraft:wall_torch":3,"minecraft:cauldron":1,"minecraft:amethyst_block":1,"minecraft:seagrass":1,"minecraft:chain":5,"minecraft:light_gray_wool":2,"minecraft:stone_brick_stairs":1,"minecraft:grass":22,"minecraft:oak_log":1,"minecraft:diorite_wall":1,"minecraft:sand":9,"minecraft:dirt":16,"quark:hollow_oak_log":8,"structure_gel:dynamic_spawner":2,"born_in_chaos_v1:infernal_evil_pumpkin_s":1,"minecraft:oak_leaves":24,"vampirism:dark_stone_bricks":2,"minecraft:deepslate_tiles":3,"minecraft:red_carpet":2,"minecraft:mossy_cobblestone":19,"quark:shale":4,"minecraft:candle":1,"minecraft:dark_oak_log":3,"vampirism:altar_pillar":8,"minecraft:ladder":1,"minecraft:spruce_fence":1,"minecraft:decorated_pot":1,"minecraft:spruce_leaves":4,"minecraft:sandstone":25,"quark:jasper":3,"minecraft:large_fern":1,"minecraft:hay_block":30,"minecraft:diorite_slab":3,"realmrpg_skeletons:cactus_skeleton":1,"minecraft:stripped_spruce_log":3,"evilcraft:dark_ore":1,"simplefarming:mango_leaves":1,"minecraft:bookshelf":9,"vampirism:altar_infusion":1,"minecraft:vine":3,"minecraft:packed_ice":11,"butchersdelight:deadllamablock":1,"irons_spellbooks:inscription_table":1,"minecraft:stone":78,"minecraft:white_wool":6,"born_in_chaos_v1:mesh_door":2,"born_in_chaos_v1:marigolds":1,"quark:oak_chest":1,"minecraft:spruce_door":2,"minecraft:dandelion":2,"minecraft:crafting_table":11,"minecraft:emerald_ore":3,"minecraft:lectern":1,"minecraft:tall_grass":5,"minecraft:copper_ore":8,"minecraft:ice":1,"minecraft:white_carpet":19,"minecraft:spruce_log":9,"minecraft:birch_leaves":5,"minecraft:coal_ore":53,"quark:spruce_chest":2,"minecraft:flower_pot":3,"minecraft:cobweb":19,"minecraft:cracked_stone_bricks":12,"atlantis:ancient_metal_ore":22,"minecraft:stone_bricks":26,"minecraft:mossy_stone_bricks":6,"vampirism:altar_tip":4},"minecraft:crafted":{"minecraft:oak_planks":1,"minecraft:iron_boots":1,"sophisticatedbackpacks:copper_backpack":1,"minecraft:golden_sword":1,"sophisticatedbackpacks:backpack":1,"minecraft:crafting_table":5,"minecraft:spruce_planks":208,"minecraft:wooden_pickaxe":1,"minecraft:spruce_door":6,"minecraft:copper_ingot":28,"minecraft:shield":6,"minecraft:stick":28,"minecraft:iron_ingot":22,"minecraft:iron_pickaxe":1,"minecraft:stone_sword":1,"minecraft:furnace":2,"minecraft:spruce_fence":2,"minecraft:leather":2,"minecraft:iron_axe":2,"minecraft:spruce_slab":36,"minecraft:stone_pickaxe":1,"minecraft:spruce_boat":1,"quark:spruce_chest":8,"minecraft:wheat":30,"sophisticatedbackpacks:iron_backpack":1,"minecraft:iron_sword":1,"sophisticatedbackpacks:gold_backpack":1,"minecraft:stone_axe":1,"minecraft:bread":70,"minecraft:air":309,"minecraft:wooden_axe":2,"minecraft:iron_leggings":1,"minecraft:white_bed":1,"irons_spellbooks:inscription_table":1,"minecraft:torch":4},"minecraft:dropped":{"minecraft:candle":2,"butchersdelight:dead_cow":1,"improvableskills:parchment_fragment":1,"minecraft:dirt":12,"irons_spellbooks:arcane_essence":24,"minecraft:gold_nugget":1,"minecraft:bone":4,"minecraft:stone_axe":1,"minecraft:wheat":1,"minecraft:rotten_flesh":1,"evilcraft:flesh_humanoid":2,"born_in_chaos_v1:marigolds":1,"minecraft:stripped_spruce_log":2,"minecraft:wheat_seeds":4,"born_in_chaos_v1:mesh_door":1,"minecraft:cobblestone":8,"minecraft:stick":9,"minecraft:brown_wool":1,"skilltree:gem":6,"tombstone:grave_dust":4,"minecraft:iron_axe":1,"minecraft:string":7,"minecraft:spruce_sapling":2,"simplefarming:tomato_seeds":1,"minecraft:white_carpet":2,"minecraft:light_gray_wool":1,"minecraft:filled_map":1,"minecraft:spruce_boat":1,"minecraft:shield":1,"minecraft:sandstone":4,"minecraft:stone_pickaxe":2},"minecraft:used":{"irons_spellbooks:inscription_table":2,"minecraft:writable_book":1,"minecraft:spruce_slab":70,"sophisticatedbackpacks:copper_backpack":1,"minecraft:shield":157,"minecraft:iron_sword":73,"minecraft:rotten_flesh":1,"simplefarming:mango":19,"minecraft:carrot":20,"simplefarming:raspberries":34,"minecraft:spruce_boat":1,"minecraft:stone_brick_stairs":1,"minecraft:stone_bricks":2,"minecraft:golden_sword":32,"minecraft:red_carpet":2,"minecraft:furnace":2,"grimoireofgaia:meat":3,"minecraft:potato":3,"minecraft:mossy_stone_bricks":1,"minecraft:spruce_door":3,"upgrade_aquatic:mulberry":4,"minecraft:stone_pickaxe":68,"minecraft:wooden_pickaxe":59,"minecraft:sandstone":20,"simplefarming:strawberries":17,"minecraft:deepslate_tiles":3,"waystones:waystone":2,"quark:hollow_oak_log":4,"born_in_chaos_v1:monster_flesh":1,"minecraft:cyan_bed":6,"minecraft:bread":6,"tombstone:grave_key":15,"minecraft:soul_lantern":1,"vampirism:dark_stone_bricks":2,"born_in_chaos_v1:mesh_door":2,"minecraft:iron_bars":2,"minecraft:stone_sword":130,"born_in_chaos_v1:ethereal_spirit":1,"minecraft:spruce_planks":53,"minecraft:torch":5,"minecraft:dirt":68,"minecraft:white_carpet":6,"minecraft:dark_oak_planks":1,"alexsmobs:maggot":2,"minecraft:wooden_axe":41,"quark:spruce_chest":9,"minecraft:iron_axe":313,"evilcraft:flesh_humanoid":1,"minecraft:light_gray_wool":2,"tombstone:gift":10,"minecraft:pumpkin":2,"minecraft:amethyst_block":1,"minecraft:cobblestone_stairs":5,"minecraft:leather_boots":1,"simplefarming:pear":10,"minecraft:cracked_stone_bricks":1,"minecraft:mossy_cobblestone":1,"minecraft:crafting_table":15,"simplefarming:blackberries":2,"minecraft:white_bed":6,"minecraft:spruce_log":3,"minecraft:flower_pot":3,"minecraft:suspicious_stew":1,"minecraft:iron_pickaxe":273,"minecraft:stone_axe":90,"minecraft:cobblestone":38,"quark:oak_chest":1},"minecraft:broken":{"minecraft:golden_sword":1,"minecraft:stone_axe":1,"minecraft:wooden_axe":1,"minecraft:stone_sword":1,"minecraft:wooden_pickaxe":1,"minecraft:shield":3,"minecraft:iron_axe":1,"minecraft:leather_boots":1,"minecraft:iron_helmet":1},"minecraft:picked_up":{"minecraft:iron_chestplate":1,"minecraft:wheat":1,"illagerinvasion:platinum_chunk":1,"minecraft:flower_pot":3,"minecraft:lead":1,"quark:hollow_oak_log":8,"irons_spellbooks:holy_rune":1,"minecraft:enchanted_book":1,"minecraft:stone_brick_stairs":2,"minecraft:amethyst_block":1,"minecraft:string":48,"born_in_chaos_v1:mesh_door":4,"minecraft:raw_copper":28,"atlantis:ancient_metal_ore":21,"irons_spellbooks:arcane_essence":45,"minecraft:deepslate_tiles":3,"minecraft:gold_nugget":3,"minecraft:spruce_planks":80,"upgrade_aquatic:mulberry":2,"irons_spellbooks:inscription_table":1,"minecraft:stick":8,"improvableskills:parchment_fragment":1,"minecraft:torch":6,"simplefarming:raspberries":34,"irons_spellbooks:furled_map":1,"tombstone:grave_dust":11,"vampirism:vampire_fang":1,"minecraft:goat_horn":1,"minecraft:cauldron":1,"minecraft:rotten_flesh":26,"minecraft:iron_block":2,"minecraft:blaze_rod":6,"minecraft:iron_bars":10,"minecraft:snowball":5,"minecraft:cobblestone":95,"minecraft:feather":3,"minecraft:brown_wool":1,"butchersdelight:deadpig":1,"minecraft:flint":9,"evilcraft:flesh_humanoid":2,"skilltree:gem":9,"minecraft:dirt":41,"born_in_chaos_v1:monster_skin":1,"born_in_chaos_v1:marigolds":2,"minecraft:bone":33,"minecraft:bow":1,"minecraft:wheat_seeds":8,"vampirism:altar_pillar":8,"minecraft:mossy_stone_bricks":6,"simplefarming:tomato_seeds":1,"minecraft:diorite_wall":1,"irons_spellbooks:frozen_bone":4,"irons_spellbooks:legendary_ink":1,"quark:shale":4,"minecraft:sand":7,"minecraft:stripped_spruce_log":4,"sophisticatedbackpacks:iron_backpack":1,"minecraft:cyan_bed":7,"minecraft:dark_oak_log":3,"minecraft:barrel":9,"minecraft:mossy_cobblestone":19,"irons_spellbooks:ice_rune":1,"minecraft:yellow_carpet":4,"minecraft:spruce_boat":1,"irons_spellbooks:divine_pearl":7,"minecraft:soul_lantern":1,"waystones:waystone":4,"minecraft:writable_book":1,"minecraft:bread":4,"butchersdelight:deadllama":3,"minecraft:emerald":6,"minecraft:blue_banner":1,"alexsmobs:maggot":2,"born_in_chaos_v1:rotten_fish":3,"irons_spellbooks:uncommon_ink":3,"minecraft:crafting_table":11,"grimoireofgaia:soulfire":5,"minecraft:ladder":2,"minecraft:rabbit_stew":2,"minecraft:brown_mushroom":4,"minecraft:stone_brick_wall":38,"minecraft:diorite_slab":3,"minecraft:gold_block":1,"minecraft:chain":5,"minecraft:shield":1,"simplefarming:mango":23,"minecraft:moss_carpet":1,"minecraft:iron_axe":1,"minecraft:white_carpet":18,"butchersdelight:dead_cow":5,"minecraft:cracked_stone_bricks":12,"quark:spruce_chest":2,"minecraft:candle":4,"irons_spellbooks:epic_ink":1,"minecraft:iron_nugget":11,"minecraft:spruce_slab":40,"minecraft:light_gray_wool":3,"minecraft:lectern":1,"minecraft:chest":3,"minecraft:raw_iron":22,"minecraft:sandstone":25,"grimoireofgaia:meat":5,"simplefarming:pear":36,"minecraft:redstone":1,"minecraft:iron_horse_armor":1,"minecraft:dark_oak_planks":1,"minecraft:arrow":15,"butchersdelight:deadsheep":5,"minecraft:decorated_pot":1,"simplefarming:strawberries":19,"minecraft:hay_block":29,"minecraft:saddle":1,"minecraft:gold_ingot":1,"sophisticatedbackpacks:copper_backpack":1,"minecraft:white_wool":7,"born_in_chaos_v1:corpse_maggot":1,"born_in_chaos_v1:monster_flesh":1,"minecraft:tripwire_hook":1,"minecraft:ice":21,"minecraft:crimson_fungus":32,"minecraft:oak_log":1,"minecraft:gunpowder":1,"minecraft:cobblestone_stairs":6,"minecraft:paper":38,"minecraft:white_banner":1,"irons_spellbooks:rare_ink":3,"irons_spellbooks:common_ink":1,"minecraft:red_carpet":2,"minecraft:stone_bricks":30,"minecraft:iron_ingot":1,"minecraft:stone_pickaxe":1,"minecraft:dark_oak_stairs":1,"minecraft:book":27,"minecraft:pumpkin":2,"born_in_chaos_v1:ethereal_spirit":1,"minecraft:dandelion":2,"born_in_chaos_v1:dark_rod":2,"minecraft:amethyst_shard":3,"minecraft:spruce_sapling":4,"minecraft:white_bed":5,"minecraft:spruce_log":55,"vampirism:altar_infusion":1,"minecraft:spider_eye":6,"quark:oak_chest":1,"minecraft:mossy_stone_brick_slab":1,"minecraft:spruce_door":2,"simplefarming:blackberries":2,"vampirism:altar_tip":4,"minecraft:stone_axe":1,"vampirism:dark_stone_bricks":2,"minecraft:iron_helmet":1,"evilcraft:dark_gem":5,"tombstone:magic_scroll":2,"minecraft:coal":53,"irons_spellbooks:scroll":6,"minecraft:ender_pearl":1},"minecraft:custom":{"minecraft:animals_bred":1,"minecraft:interact_with_crafting_table":47,"minecraft:open_barrel":40,"minecraft:bell_ring":3,"minecraft:leave_game":54,"minecraft:time_since_death":51838,"minecraft:sprint_one_cm":529526,"minecraft:damage_blocked_by_shield":8447,"vampirism:interact_with_totem":2,"minecraft:drop":56,"minecraft:talked_to_villager":6,"minecraft:play_time":700662,"minecraft:deaths":32,"minecraft:jump":3829,"minecraft:walk_on_water_one_cm":10358,"minecraft:interact_with_furnace":26,"minecraft:sleep_in_bed":37,"minecraft:waystone_activated":4,"minecraft:damage_dealt":22518,"minecraft:crouch_one_cm":42409,"tombstone:undead_killed":30,"minecraft:interact_with_anvil":1,"minecraft:mob_kills":105,"minecraft:damage_dealt_resisted":449,"minecraft:climb_one_cm":39620,"minecraft:walk_one_cm":1169785,"vampirism:skills_unlocked":2,"minecraft:sneak_time":34432,"minecraft:walk_under_water_one_cm":7450,"minecraft:total_world_time":700662,"tombstone:raider_killed":5,"minecraft:time_since_rest":51380,"minecraft:damage_taken":110251,"minecraft:swim_one_cm":30481,"minecraft:fly_one_cm":674348,"minecraft:open_chest":167,"minecraft:fall_one_cm":83088}},"DataVersion":3465}