{"stats":{"minecraft:killed":{"vampirism:vampire":2,"grimoireofgaia:satyress":1,"born_in_chaos_v1:zombie_lumberjack":1,"born_in_chaos_v1:door_knight_not_despawn":1,"minecraft:spider":32,"undead_revamp2:theswarmer":1,"minecraft:skeleton":2,"minecraft:bee":1,"minecraft:silverfish":4,"born_in_chaos_v1:corpse_fish":3,"grimoireofgaia:banshee":1,"born_in_chaos_v1:decrepit_skeleton":2,"vampirism:hunter":1,"minecraft:sheep":8,"minecraft:zombie":2,"born_in_chaos_v1:dread_hound":1,"born_in_chaos_v1:corpse_fly":1,"grimoireofgaia:harpy":1},"minecraft:mined":{"minecraft:dark_oak_planks":2,"vampirism:dark_stone_bricks":2,"minecraft:deepslate_tiles":3,"minecraft:spruce_planks":35,"minecraft:white_bed":5,"quark:shale":4,"minecraft:mossy_stone_brick_slab":1,"minecraft:dark_oak_log":2,"vampirism:altar_pillar":8,"minecraft:grass_block":11,"minecraft:spruce_fence":1,"minecraft:infested_cobblestone":1,"minecraft:decorated_pot":1,"minecraft:spruce_leaves":4,"minecraft:sandstone":22,"quark:jasper":3,"minecraft:large_fern":1,"minecraft:hay_block":20,"minecraft:barrel":2,"minecraft:iron_ore":22,"minecraft:fire":1,"realmrpg_skeletons:cactus_skeleton":1,"minecraft:moss_carpet":1,"minecraft:stripped_spruce_log":3,"minecraft:pumpkin":2,"evilcraft:dark_ore":1,"simplefarming:mango_leaves":1,"minecraft:dark_oak_stairs":3,"realmrpg_skeletons:devastated_skeleton":1,"minecraft:bookshelf":8,"minecraft:dirt_path":1,"vampirism:altar_infusion":1,"minecraft:vine":3,"minecraft:packed_ice":9,"butchersdelight:deadllamablock":1,"irons_spellbooks:inscription_table":1,"minecraft:stone":78,"simplefarming:fruit_log":1,"sophisticatedbackpacks:copper_backpack":1,"minecraft:spruce_slab":49,"born_in_chaos_v1:mesh_door":2,"minecraft:blue_wall_banner":1,"born_in_chaos_v1:marigolds":1,"minecraft:dandelion":2,"upgrade_aquatic:tall_beachgrass":1,"minecraft:spruce_door":2,"minecraft:crafting_table":11,"minecraft:torch":4,"minecraft:emerald_ore":3,"minecraft:chest":1,"minecraft:copper_ore":8,"minecraft:tall_grass":4,"minecraft:cobblestone":5,"minecraft:cyan_bed":7,"minecraft:wall_torch":3,"minecraft:seagrass":1,"minecraft:chain":2,"minecraft:ice":1,"minecraft:spruce_log":9,"minecraft:birch_leaves":5,"minecraft:white_carpet":5,"minecraft:light_gray_wool":2,"minecraft:grass":19,"minecraft:oak_log":1,"minecraft:coal_ore":53,"quark:spruce_chest":1,"minecraft:flower_pot":3,"minecraft:sand":9,"minecraft:dirt":16,"quark:hollow_oak_log":8,"minecraft:cobweb":3,"minecraft:cracked_stone_bricks":1,"atlantis:ancient_metal_ore":22,"minecraft:stone_bricks":1,"born_in_chaos_v1:infernal_evil_pumpkin_s":1,"minecraft:oak_leaves":24,"vampirism:altar_tip":4},"minecraft:crafted":{"minecraft:oak_planks":1,"minecraft:furnace":2,"minecraft:spruce_fence":2,"sophisticatedbackpacks:copper_backpack":1,"minecraft:leather":2,"minecraft:iron_axe":2,"minecraft:spruce_slab":36,"minecraft:stone_pickaxe":1,"minecraft:spruce_boat":1,"quark:spruce_chest":5,"minecraft:golden_sword":1,"sophisticatedbackpacks:iron_backpack":1,"minecraft:wheat":27,"sophisticatedbackpacks:backpack":1,"minecraft:crafting_table":5,"minecraft:spruce_planks":208,"minecraft:wooden_pickaxe":1,"minecraft:iron_sword":1,"minecraft:spruce_door":6,"minecraft:copper_ingot":28,"sophisticatedbackpacks:gold_backpack":1,"minecraft:stone_axe":1,"minecraft:bread":61,"minecraft:air":264,"minecraft:shield":2,"minecraft:stick":28,"minecraft:iron_ingot":21,"minecraft:iron_pickaxe":1,"minecraft:wooden_axe":2,"minecraft:stone_sword":1,"minecraft:white_bed":1,"irons_spellbooks:inscription_table":1,"minecraft:torch":4},"minecraft:dropped":{"minecraft:stripped_spruce_log":2,"butchersdelight:dead_cow":1,"minecraft:wheat_seeds":2,"born_in_chaos_v1:mesh_door":1,"minecraft:cobblestone":8,"improvableskills:parchment_fragment":1,"minecraft:stick":9,"minecraft:dirt":3,"minecraft:brown_wool":1,"skilltree:gem":6,"tombstone:grave_dust":4,"irons_spellbooks:arcane_essence":24,"minecraft:string":7,"minecraft:spruce_sapling":2,"minecraft:bone":4,"simplefarming:tomato_seeds":1,"minecraft:stone_axe":1,"minecraft:wheat":1,"minecraft:rotten_flesh":1,"minecraft:light_gray_wool":1,"evilcraft:flesh_humanoid":2,"minecraft:filled_map":1,"minecraft:spruce_boat":1,"minecraft:shield":1,"minecraft:sandstone":4,"minecraft:stone_pickaxe":2,"born_in_chaos_v1:marigolds":1},"minecraft:used":{"irons_spellbooks:inscription_table":2,"minecraft:writable_book":1,"minecraft:stone_sword":130,"born_in_chaos_v1:ethereal_spirit":1,"minecraft:spruce_slab":70,"sophisticatedbackpacks:copper_backpack":1,"minecraft:spruce_planks":52,"minecraft:shield":21,"minecraft:iron_sword":24,"minecraft:rotten_flesh":1,"minecraft:torch":3,"minecraft:dirt":67,"minecraft:white_carpet":5,"simplefarming:mango":10,"minecraft:carrot":20,"simplefarming:raspberries":17,"minecraft:spruce_boat":1,"minecraft:wooden_axe":41,"quark:spruce_chest":5,"minecraft:iron_axe":206,"evilcraft:flesh_humanoid":1,"minecraft:stone_bricks":1,"minecraft:golden_sword":32,"minecraft:light_gray_wool":2,"minecraft:furnace":2,"grimoireofgaia:meat":2,"tombstone:gift":10,"minecraft:potato":3,"minecraft:pumpkin":2,"minecraft:spruce_door":3,"upgrade_aquatic:mulberry":4,"minecraft:stone_pickaxe":68,"minecraft:wooden_pickaxe":59,"minecraft:sandstone":18,"minecraft:leather_boots":1,"simplefarming:pear":2,"minecraft:cracked_stone_bricks":1,"simplefarming:strawberries":17,"minecraft:crafting_table":15,"simplefarming:blackberries":2,"minecraft:white_bed":6,"minecraft:spruce_log":3,"minecraft:deepslate_tiles":3,"waystones:waystone":2,"minecraft:flower_pot":3,"quark:hollow_oak_log":4,"born_in_chaos_v1:monster_flesh":1,"minecraft:iron_pickaxe":131,"tombstone:grave_key":4,"minecraft:bread":6,"minecraft:cyan_bed":6,"minecraft:suspicious_stew":1,"minecraft:stone_axe":90,"vampirism:dark_stone_bricks":2,"born_in_chaos_v1:mesh_door":2,"minecraft:cobblestone":37},"minecraft:broken":{"minecraft:stone_sword":1,"minecraft:wooden_pickaxe":1,"minecraft:golden_sword":1,"minecraft:iron_axe":1,"minecraft:stone_axe":1,"minecraft:wooden_axe":1},"minecraft:picked_up":{"minecraft:crafting_table":11,"minecraft:iron_chestplate":1,"minecraft:wheat":1,"grimoireofgaia:soulfire":2,"minecraft:flower_pot":3,"minecraft:brown_mushroom":4,"minecraft:lead":1,"quark:hollow_oak_log":8,"minecraft:gold_block":1,"minecraft:chain":2,"minecraft:shield":1,"simplefarming:mango":23,"minecraft:string":34,"minecraft:moss_carpet":1,"born_in_chaos_v1:mesh_door":4,"minecraft:raw_copper":28,"minecraft:white_carpet":5,"butchersdelight:dead_cow":4,"minecraft:deepslate_tiles":3,"minecraft:cracked_stone_bricks":1,"atlantis:ancient_metal_ore":21,"irons_spellbooks:arcane_essence":24,"quark:spruce_chest":1,"minecraft:gold_nugget":2,"minecraft:spruce_planks":55,"minecraft:iron_nugget":3,"minecraft:light_gray_wool":3,"minecraft:spruce_slab":40,"upgrade_aquatic:mulberry":2,"minecraft:chest":1,"irons_spellbooks:inscription_table":1,"minecraft:stick":8,"minecraft:raw_iron":22,"minecraft:sandstone":22,"grimoireofgaia:meat":2,"simplefarming:pear":23,"minecraft:torch":6,"simplefarming:raspberries":30,"tombstone:grave_dust":3,"vampirism:vampire_fang":1,"minecraft:iron_horse_armor":1,"minecraft:arrow":6,"butchersdelight:deadsheep":5,"minecraft:rotten_flesh":22,"minecraft:decorated_pot":1,"simplefarming:strawberries":17,"minecraft:hay_block":19,"minecraft:iron_block":2,"sophisticatedbackpacks:copper_backpack":1,"minecraft:white_wool":4,"minecraft:cobblestone":86,"minecraft:feather":2,"born_in_chaos_v1:monster_flesh":1,"minecraft:brown_wool":1,"minecraft:flint":3,"butchersdelight:deadpig":1,"minecraft:crimson_fungus":32,"minecraft:oak_log":1,"evilcraft:flesh_humanoid":2,"skilltree:gem":9,"minecraft:dirt":27,"born_in_chaos_v1:monster_skin":1,"born_in_chaos_v1:marigolds":2,"minecraft:bone":15,"minecraft:stone_bricks":6,"minecraft:wheat_seeds":5,"vampirism:altar_pillar":8,"minecraft:iron_ingot":1,"minecraft:stone_pickaxe":1,"simplefarming:tomato_seeds":1,"minecraft:dark_oak_stairs":1,"minecraft:book":24,"minecraft:pumpkin":2,"quark:shale":4,"minecraft:barrel":2,"born_in_chaos_v1:ethereal_spirit":1,"minecraft:dandelion":2,"minecraft:sand":7,"born_in_chaos_v1:dark_rod":2,"minecraft:stripped_spruce_log":3,"minecraft:spruce_sapling":4,"minecraft:cyan_bed":7,"vampirism:altar_infusion":1,"minecraft:white_bed":5,"minecraft:spruce_log":55,"minecraft:mossy_stone_brick_slab":1,"minecraft:dark_oak_log":2,"minecraft:spruce_door":2,"minecraft:spider_eye":6,"simplefarming:blackberries":2,"minecraft:spruce_boat":1,"minecraft:stone_axe":1,"vampirism:altar_tip":4,"waystones:waystone":4,"vampirism:dark_stone_bricks":2,"minecraft:iron_helmet":1,"evilcraft:dark_gem":5,"minecraft:bread":4,"butchersdelight:deadllama":3,"minecraft:emerald":3,"minecraft:blue_banner":1,"tombstone:magic_scroll":1,"born_in_chaos_v1:rotten_fish":3,"minecraft:coal":53},"minecraft:custom":{"minecraft:mob_kills":65,"minecraft:interact_with_crafting_table":35,"minecraft:open_barrel":29,"minecraft:bell_ring":1,"minecraft:damage_dealt_resisted":165,"minecraft:leave_game":50,"minecraft:time_since_death":69483,"minecraft:climb_one_cm":22483,"minecraft:sprint_one_cm":450955,"minecraft:walk_one_cm":913633,"minecraft:damage_blocked_by_shield":1230,"minecraft:drop":47,"vampirism:interact_with_totem":2,"vampirism:skills_unlocked":1,"minecraft:talked_to_villager":6,"minecraft:play_time":563962,"minecraft:sneak_time":33104,"minecraft:deaths":21,"minecraft:walk_under_water_one_cm":7450,"minecraft:jump":3120,"minecraft:walk_on_water_one_cm":10358,"minecraft:total_world_time":563962,"minecraft:interact_with_furnace":23,"minecraft:sleep_in_bed":32,"minecraft:time_since_rest":1211,"minecraft:waystone_activated":4,"minecraft:damage_taken":106505,"minecraft:damage_dealt":14450,"minecraft:swim_one_cm":30481,"minecraft:fly_one_cm":560716,"minecraft:open_chest":106,"minecraft:crouch_one_cm":41154,"tombstone:undead_killed":10,"minecraft:fall_one_cm":63075}},"DataVersion":3465}