{"stats":{"minecraft:custom":{"minecraft:time_since_rest":408,"minecraft:waystone_activated":1,"minecraft:interact_with_furnace":1,"minecraft:sprint_one_cm":70480,"minecraft:damage_taken":102112,"minecraft:walk_one_cm":91376,"minecraft:mob_kills":2,"minecraft:damage_dealt":502,"vampirism:skills_unlocked":1,"minecraft:fly_one_cm":91248,"minecraft:swim_one_cm":274,"minecraft:interact_with_crafting_table":1,"minecraft:open_chest":4,"minecraft:crouch_one_cm":607,"minecraft:play_time":113119,"tombstone:undead_killed":1,"minecraft:deaths":9,"minecraft:bell_ring":1,"minecraft:sneak_time":402,"minecraft:walk_under_water_one_cm":154,"minecraft:jump":325,"minecraft:damage_dealt_resisted":121,"minecraft:leave_game":11,"minecraft:time_since_death":2807,"minecraft:walk_on_water_one_cm":133,"minecraft:sleep_in_bed":6,"minecraft:total_world_time":113119,"minecraft:fall_one_cm":3433},"minecraft:killed":{"born_in_chaos_v1:zombie_lumberjack":1,"vampirism:hunter":1},"minecraft:picked_up":{"minecraft:crafting_table":2,"minecraft:wheat":1,"born_in_chaos_v1:ethereal_spirit":1,"born_in_chaos_v1:dark_rod":2,"simplefarming:raspberries":4,"evilcraft:flesh_humanoid":1,"minecraft:spruce_log":14,"simplefarming:mango":9,"minecraft:dirt":3,"minecraft:rotten_flesh":3,"minecraft:wheat_seeds":2,"simplefarming:strawberries":1},"minecraft:mined":{"minecraft:spruce_log":7,"minecraft:crafting_table":2,"minecraft:grass_block":2,"minecraft:dirt":5,"minecraft:packed_ice":6,"minecraft:spruce_leaves":1},"minecraft:crafted":{"minecraft:crafting_table":1,"minecraft:stick":4,"minecraft:spruce_planks":20,"minecraft:wooden_axe":1},"minecraft:used":{"minecraft:wooden_axe":16,"born_in_chaos_v1:ethereal_spirit":1,"minecraft:stone_bricks":1,"simplefarming:strawberries":1,"minecraft:dirt":47,"minecraft:crafting_table":2,"tombstone:gift":2,"simplefarming:raspberries":4,"minecraft:spruce_log":1}},"DataVersion":3465}