{"stats":{"minecraft:broken":{"minecraft:iron_chestplate":1,"minecraft:golden_sword":1,"minecraft:stone_axe":1,"minecraft:wooden_axe":1,"minecraft:stone_sword":1,"minecraft:wooden_pickaxe":1,"minecraft:shield":4,"minecraft:iron_axe":3,"minecraft:leather_boots":1,"minecraft:iron_pickaxe":1,"minecraft:iron_helmet":1},"minecraft:used":{"minecraft:writable_book":1,"minecraft:spruce_slab":70,"sophisticatedbackpacks:copper_backpack":1,"minecraft:ladder":1,"vampirism:altar_infusion":2,"minecraft:chest":4,"minecraft:shield":182,"minecraft:iron_sword":108,"minecraft:rotten_flesh":1,"simplefarming:mango":19,"minecraft:carrot":20,"simplefarming:blueberries":2,"simplefarming:raspberries":34,"minecraft:stripped_spruce_log":1,"minecraft:spruce_boat":1,"minecraft:stone_brick_stairs":1,"minecraft:stone_bricks":3,"minecraft:item_frame":1,"minecraft:golden_sword":32,"minecraft:red_carpet":2,"minecraft:furnace":4,"grimoireofgaia:meat":3,"minecraft:potato":3,"minecraft:mossy_stone_bricks":1,"minecraft:cow_spawn_egg":5,"minecraft:spruce_door":3,"upgrade_aquatic:mulberry":4,"minecraft:stone_pickaxe":68,"minecraft:wooden_pickaxe":59,"minecraft:sandstone":21,"vampirism:human_heart":1,"simplefarming:strawberries":17,"ironchest:copper_chest":2,"minecraft:deepslate_tiles":3,"waystones:waystone":2,"quark:hollow_oak_log":4,"born_in_chaos_v1:monster_flesh":1,"minecraft:bread":7,"minecraft:cyan_bed":7,"vampirism:altar_pillar":8,"tombstone:grave_key":20,"minecraft:soul_lantern":4,"vampirism:dark_stone_bricks":2,"born_in_chaos_v1:mesh_door":2,"minecraft:bone_meal":38,"minecraft:oak_fence":10,"minecraft:iron_bars":2,"minecraft:stone_sword":130,"minecraft:flint_and_steel":5,"born_in_chaos_v1:ethereal_spirit":1,"minecraft:spruce_planks":54,"minecraft:torch":32,"minecraft:dirt":68,"minecraft:white_carpet":6,"minecraft:dark_oak_planks":1,"alexsmobs:maggot":2,"minecraft:wooden_axe":45,"butchersdelight:cleaver":13,"quark:spruce_chest":23,"minecraft:iron_axe":428,"evilcraft:flesh_humanoid":1,"minecraft:light_gray_wool":2,"tombstone:gift":10,"minecraft:pumpkin":2,"minecraft:amethyst_block":1,"minecraft:cobblestone_stairs":5,"minecraft:stonecutter":1,"minecraft:leather_boots":1,"simplefarming:pear":10,"minecraft:cracked_stone_bricks":3,"minecraft:mossy_cobblestone":15,"minecraft:crafting_table":16,"minecraft:white_bed":6,"simplefarming:blackberries":2,"minecraft:infested_stone_bricks":1,"minecraft:spruce_log":3,"tombstone:bag_of_seeds":1,"minecraft:flower_pot":3,"minecraft:iron_pickaxe":372,"minecraft:map":1,"minecraft:suspicious_stew":1,"minecraft:spruce_sapling":27,"vampirism:altar_tip":7,"werewolves:liver":1,"minecraft:stone_axe":90,"minecraft:cobblestone":50,"quark:oak_chest":7,"minecraft:candle":6,"irons_spellbooks:inscription_table":2},"minecraft:killed":{"undead_revamp2:thewolf":1,"vampirism:vampire":2,"born_in_chaos_v1:zombie_lumberjack":1,"irons_spellbooks:priest":1,"born_in_chaos_v1:door_knight_not_despawn":1,"minecraft:spider":34,"irons_spellbooks:cryomancer":1,"grimoireofgaia:minotaurus":1,"undead_revamp2:theswarmer":1,"minecraft:skeleton":22,"minecraft:bee":1,"minecraft:silverfish":4,"grimoireofgaia:banshee":1,"minecraft:creeper":1,"vampirism:hunter":1,"minecraft:sheep":8,"minecraft:pillager":2,"minecraft:zombie":4,"born_in_chaos_v1:dread_hound":1,"born_in_chaos_v1:corpse_fly":1,"grimoireofgaia:harpy":3,"vampirism_integrations:female_villager_mca_angry":1,"enemyexpansion:botfly":5,"alexsmobs:fly":1,"grimoireofgaia:satyress":2,"minecraft:vindicator":2,"illagerinvasion:marauder":5,"born_in_chaos_v1:maggot":1,"born_in_chaos_v1:corpse_fish":3,"grimoireofgaia:dullahan":1,"born_in_chaos_v1:decrepit_skeleton":2},"minecraft:dropped":{"minecraft:candle":2,"butchersdelight:dead_cow":1,"improvableskills:parchment_fragment":1,"minecraft:dirt":12,"irons_spellbooks:arcane_essence":24,"minecraft:gold_nugget":1,"minecraft:bone":4,"minecraft:stone_axe":1,"minecraft:wheat":1,"minecraft:rotten_flesh":1,"evilcraft:flesh_humanoid":2,"born_in_chaos_v1:marigolds":1,"minecraft:stripped_spruce_log":2,"minecraft:wheat_seeds":4,"born_in_chaos_v1:mesh_door":1,"minecraft:cobblestone":8,"minecraft:stick":9,"minecraft:brown_wool":1,"skilltree:gem":6,"tombstone:grave_dust":4,"minecraft:iron_axe":1,"minecraft:string":7,"minecraft:spruce_sapling":2,"simplefarming:tomato_seeds":1,"minecraft:white_carpet":2,"minecraft:light_gray_wool":1,"minecraft:filled_map":1,"minecraft:spruce_boat":1,"minecraft:shield":1,"minecraft:sandstone":4,"minecraft:stone_pickaxe":2},"minecraft:crafted":{"minecraft:oak_planks":1,"improvableskills:skills_book":1,"minecraft:iron_boots":1,"sophisticatedbackpacks:copper_backpack":1,"minecraft:golden_sword":1,"minecraft:item_frame":1,"sophisticatedbackpacks:backpack":1,"minecraft:crafting_table":6,"minecraft:spruce_planks":304,"minecraft:wooden_pickaxe":1,"minecraft:spruce_door":6,"minecraft:copper_ingot":28,"butchersdelight:cleaver":1,"minecraft:shield":7,"minecraft:stick":30,"minecraft:iron_ingot":44,"minecraft:iron_pickaxe":2,"minecraft:stone_sword":1,"minecraft:gold_ingot":12,"minecraft:cherry_planks":3,"minecraft:furnace":2,"minecraft:bone_meal":50,"minecraft:spruce_fence":2,"minecraft:leather":2,"minecraft:iron_axe":4,"minecraft:spruce_slab":36,"minecraft:stone_pickaxe":1,"minecraft:spruce_boat":1,"quark:spruce_chest":16,"minecraft:dark_oak_planks":3,"minecraft:wheat":38,"sophisticatedbackpacks:iron_backpack":1,"minecraft:iron_sword":1,"ironchest:copper_chest":1,"sophisticatedbackpacks:gold_backpack":1,"minecraft:stone_axe":1,"minecraft:bread":91,"minecraft:air":1121,"minecraft:wooden_axe":3,"minecraft:iron_leggings":1,"minecraft:white_bed":1,"irons_spellbooks:inscription_table":1,"minecraft:torch":4},"minecraft:picked_up":{"irons_spellbooks:scroll":6,"minecraft:iron_chestplate":1,"minecraft:wheat":37,"illagerinvasion:platinum_chunk":1,"minecraft:flower_pot":3,"minecraft:lead":1,"quark:hollow_oak_log":8,"irons_spellbooks:holy_rune":1,"minecraft:enchanted_book":1,"minecraft:stone_brick_stairs":2,"minecraft:amethyst_block":1,"simplefarming:zucchini_seeds":1,"minecraft:string":57,"minecraft:dark_oak_trapdoor":4,"born_in_chaos_v1:mesh_door":4,"minecraft:raw_copper":28,"atlantis:ancient_metal_ore":21,"irons_spellbooks:arcane_essence":45,"minecraft:deepslate_tiles":3,"minecraft:gold_nugget":4,"minecraft:spruce_planks":80,"minecraft:redstone_torch":4,"minecraft:iron_pickaxe":1,"upgrade_aquatic:mulberry":2,"irons_spellbooks:inscription_table":2,"minecraft:furnace":2,"minecraft:stick":25,"improvableskills:parchment_fragment":2,"minecraft:torch":22,"werewolves:liver":1,"minecraft:porkchop":4,"simplefarming:raspberries":34,"irons_spellbooks:furled_map":1,"minecraft:cherry_log":11,"tombstone:grave_dust":11,"vampirism:vampire_fang":1,"minecraft:cauldron":2,"minecraft:goat_horn":1,"minecraft:rotten_flesh":46,"minecraft:iron_block":2,"minecraft:mangrove_roots":2,"minecraft:blaze_rod":6,"minecraft:iron_bars":10,"minecraft:snowball":5,"minecraft:cobblestone":113,"minecraft:feather":12,"minecraft:brown_wool":1,"ironchest:copper_chest":1,"butchersdelight:deadpig":2,"minecraft:flint":9,"evilcraft:flesh_humanoid":2,"skilltree:gem":10,"minecraft:lapis_lazuli":6,"minecraft:dirt":41,"born_in_chaos_v1:monster_skin":1,"born_in_chaos_v1:marigolds":2,"minecraft:bone":41,"minecraft:stonecutter":1,"minecraft:bow":2,"minecraft:wheat_seeds":76,"vampirism:altar_pillar":8,"minecraft:mossy_stone_bricks":6,"simplefarming:tomato_seeds":1,"minecraft:diorite_wall":4,"irons_spellbooks:frozen_bone":4,"quark:shale":4,"irons_spellbooks:legendary_ink":1,"butchersdelight:cow_hide":14,"minecraft:sand":7,"minecraft:stripped_spruce_log":4,"sophisticatedbackpacks:iron_backpack":1,"minecraft:loom":1,"minecraft:cyan_bed":7,"minecraft:dark_oak_log":18,"minecraft:barrel":10,"minecraft:mossy_cobblestone":38,"irons_spellbooks:ice_rune":1,"minecraft:yellow_carpet":4,"minecraft:spruce_boat":1,"irons_spellbooks:divine_pearl":7,"minecraft:soul_lantern":4,"waystones:waystone":5,"minecraft:writable_book":1,"minecraft:emerald":10,"butchersdelight:deadllama":3,"minecraft:bread":4,"minecraft:blue_banner":1,"alexsmobs:maggot":2,"simplefarming:cassava_seeds":1,"born_in_chaos_v1:rotten_fish":3,"irons_spellbooks:uncommon_ink":3,"minecraft:crafting_table":12,"grimoireofgaia:soulfire":5,"minecraft:ladder":2,"minecraft:rabbit_stew":2,"minecraft:brown_mushroom":4,"minecraft:stone_brick_wall":38,"minecraft:diorite_slab":5,"minecraft:gold_block":10,"minecraft:chain":11,"minecraft:shield":1,"simplefarming:mango":23,"minecraft:moss_carpet":1,"minecraft:iron_axe":1,"minecraft:white_carpet":19,"butchersdelight:dead_cow":18,"minecraft:cracked_stone_bricks":14,"quark:spruce_chest":8,"minecraft:candle":10,"minecraft:beef":28,"irons_spellbooks:epic_ink":1,"minecraft:iron_nugget":28,"minecraft:spruce_slab":40,"minecraft:light_gray_wool":3,"minecraft:lectern":1,"minecraft:chest":6,"simplefarming:barley_seeds":1,"minecraft:spruce_trapdoor":1,"minecraft:phantom_membrane":9,"minecraft:raw_iron":27,"minecraft:sandstone":26,"grimoireofgaia:meat":5,"simplefarming:pear":36,"simplefarming:cantaloupe_seeds":1,"minecraft:redstone":6,"minecraft:iron_horse_armor":1,"minecraft:dark_oak_planks":1,"minecraft:arrow":15,"butchersdelight:deadsheep":5,"minecraft:decorated_pot":1,"simplefarming:strawberries":19,"minecraft:hay_block":35,"simplefarming:ginger_seeds":1,"minecraft:saddle":2,"minecraft:gold_ingot":3,"sophisticatedbackpacks:copper_backpack":1,"minecraft:mutton":1,"minecraft:white_wool":7,"minecraft:rail":8,"minecraft:bone_block":4,"born_in_chaos_v1:corpse_maggot":1,"born_in_chaos_v1:monster_flesh":1,"minecraft:tripwire_hook":1,"minecraft:leather":3,"minecraft:filled_map":2,"minecraft:ice":21,"minecraft:crimson_fungus":32,"minecraft:oak_log":1,"minecraft:gunpowder":8,"minecraft:cobblestone_stairs":6,"simplefarming:broccoli_seeds":1,"minecraft:paper":38,"minecraft:white_banner":1,"irons_spellbooks:rare_ink":3,"irons_spellbooks:common_ink":1,"minecraft:red_carpet":2,"vampirism:human_heart":1,"minecraft:stone_bricks":31,"minecraft:iron_ingot":7,"minecraft:stone_pickaxe":1,"tombstone:bag_of_seeds":1,"minecraft:soul_sand":2,"minecraft:dark_oak_stairs":7,"minecraft:book":31,"minecraft:oak_slab":1,"minecraft:pumpkin":2,"minecraft:stone_brick_slab":1,"born_in_chaos_v1:ethereal_spirit":1,"minecraft:dandelion":7,"simplefarming:blueberries":2,"born_in_chaos_v1:dark_rod":2,"minecraft:amethyst_shard":3,"minecraft:spruce_sapling":29,"minecraft:white_bed":5,"minecraft:spruce_log":151,"vampirism:altar_infusion":2,"quark:oak_chest":8,"minecraft:mossy_stone_brick_slab":1,"minecraft:spruce_door":2,"minecraft:spider_eye":6,"simplefarming:blackberries":2,"minecraft:infested_stone_bricks":2,"butchersdelight:sheephide":1,"vampirism:altar_tip":7,"minecraft:stone_axe":1,"vampirism:dark_stone_bricks":2,"evilcraft:dark_gem":5,"minecraft:iron_helmet":1,"minecraft:cherry_sapling":1,"tombstone:magic_scroll":2,"minecraft:coal":99,"minecraft:ender_pearl":1},"minecraft:killed_by":{"minecraft:vex":1},"minecraft:custom":{"minecraft:animals_bred":2,"vampirism:interact_with_altar_of_infusion":1,"minecraft:interact_with_crafting_table":87,"minecraft:open_barrel":46,"minecraft:bell_ring":6,"minecraft:leave_game":56,"minecraft:time_since_death":3717,"minecraft:sprint_one_cm":686318,"minecraft:damage_blocked_by_shield":11297,"minecraft:drop":56,"vampirism:interact_with_totem":2,"minecraft:talked_to_villager":7,"minecraft:play_time":915074,"minecraft:deaths":41,"minecraft:jump":4919,"minecraft:walk_on_water_one_cm":10481,"minecraft:interact_with_furnace":32,"minecraft:sleep_in_bed":45,"minecraft:waystone_activated":5,"minecraft:damage_dealt":28171,"minecraft:crouch_one_cm":46123,"tombstone:undead_killed":33,"tombstone:villager_killed":1,"minecraft:interact_with_anvil":1,"minecraft:mob_kills":118,"minecraft:damage_dealt_resisted":484,"minecraft:climb_one_cm":55276,"vampirism:amount_bitten":9,"minecraft:walk_one_cm":1515105,"vampirism:skills_unlocked":11,"minecraft:sneak_time":36535,"minecraft:walk_under_water_one_cm":7699,"minecraft:total_world_time":915074,"vampirism:win_village_capture":1,"vampirism:blood_drunk":4200,"tombstone:raider_killed":9,"minecraft:interact_with_stonecutter":2,"minecraft:time_since_rest":3463,"vampirism:resurrected":4,"minecraft:damage_taken":864265,"minecraft:swim_one_cm":31800,"minecraft:fly_one_cm":955462,"minecraft:open_chest":434,"vampirism:defend_village":1,"minecraft:fall_one_cm":117983},"minecraft:mined":{"undead_revamp2:arapholia":1,"minecraft:spruce_planks":35,"minecraft:white_bed":5,"minecraft:mossy_stone_brick_slab":1,"minecraft:cobblestone_stairs":6,"minecraft:cherry_log":3,"minecraft:spruce_trapdoor":1,"minecraft:stone_brick_wall":39,"minecraft:grass_block":14,"minecraft:infested_cobblestone":1,"minecraft:yellow_carpet":2,"ironchest:copper_chest":1,"minecraft:dark_oak_trapdoor":4,"minecraft:iron_ore":27,"minecraft:fire":1,"minecraft:barrel":11,"minecraft:moss_carpet":1,"minecraft:pumpkin":2,"minecraft:dark_oak_stairs":9,"realmrpg_skeletons:devastated_skeleton":1,"minecraft:dirt_path":3,"minecraft:iron_bars":10,"simplefarming:fruit_log":1,"sophisticatedbackpacks:copper_backpack":1,"minecraft:spruce_slab":49,"minecraft:blue_wall_banner":1,"upgrade_aquatic:tall_beachgrass":1,"minecraft:soul_lantern":2,"minecraft:torch":18,"minecraft:chest":6,"minecraft:cobblestone":32,"minecraft:cyan_bed":7,"minecraft:wall_torch":7,"minecraft:amethyst_block":1,"minecraft:cauldron":2,"minecraft:seagrass":1,"minecraft:chain":12,"realmrpg_skeletons:bow_skeleton":1,"minecraft:blue_ice":1,"minecraft:light_gray_wool":2,"minecraft:stone_brick_stairs":1,"minecraft:grass":61,"minecraft:oak_log":1,"minecraft:diorite_wall":4,"minecraft:dirt":16,"minecraft:loom":1,"minecraft:sand":9,"quark:hollow_oak_log":8,"structure_gel:dynamic_spawner":4,"born_in_chaos_v1:infernal_evil_pumpkin_s":1,"minecraft:stonecutter":1,"minecraft:netherrack":2,"minecraft:oak_leaves":24,"vampirism:dark_stone_bricks":2,"minecraft:deepslate_tiles":3,"minecraft:red_carpet":2,"minecraft:mossy_cobblestone":39,"quark:shale":4,"minecraft:candle":3,"minecraft:dark_oak_log":18,"minecraft:mangrove_roots":2,"vampirism:altar_pillar":8,"minecraft:ladder":1,"minecraft:spruce_fence":1,"minecraft:decorated_pot":1,"minecraft:soul_campfire":1,"minecraft:spruce_leaves":40,"minecraft:sandstone":26,"quark:jasper":3,"minecraft:large_fern":1,"minecraft:hay_block":36,"minecraft:diorite_slab":5,"minecraft:furnace":2,"realmrpg_skeletons:cactus_skeleton":1,"minecraft:stripped_spruce_log":3,"evilcraft:dark_ore":1,"simplefarming:mango_leaves":1,"minecraft:gold_block":9,"minecraft:bookshelf":9,"vampirism:altar_infusion":2,"minecraft:vine":3,"minecraft:packed_ice":14,"irons_spellbooks:inscription_table":2,"butchersdelight:deadllamablock":1,"minecraft:stone":78,"minecraft:bone_block":4,"minecraft:white_wool":6,"born_in_chaos_v1:mesh_door":2,"minecraft:oak_slab":2,"born_in_chaos_v1:marigolds":1,"minecraft:infested_stone_bricks":1,"quark:oak_chest":7,"minecraft:stone_brick_slab":1,"minecraft:dandelion":7,"minecraft:spruce_door":2,"minecraft:crafting_table":12,"minecraft:emerald_ore":3,"minecraft:lectern":1,"minecraft:copper_ore":8,"minecraft:tall_grass":15,"minecraft:ice":1,"minecraft:white_carpet":19,"minecraft:spruce_log":9,"minecraft:birch_leaves":5,"minecraft:coal_ore":53,"quark:spruce_chest":8,"minecraft:flower_pot":3,"minecraft:cobweb":19,"minecraft:cracked_stone_bricks":14,"atlantis:ancient_metal_ore":22,"minecraft:stone_bricks":27,"minecraft:mossy_stone_bricks":6,"minecraft:dark_oak_planks":3,"vampirism:altar_tip":7}},"DataVersion":3465}