{
  "toolleveling:recipes/tool_leveling_table": {
    "criteria": {
      "has_enchanting_table": "2024-07-15 23:09:59 +0000"
    },
    "done": true
  },
  "minecraft:recipes/decorations/crafting_table": {
    "criteria": {
      "unlock_right_away": "2024-07-15 23:09:59 +0000"
    },
    "done": true
  },
  "irons_spellbooks:grant_patchouli": {
    "criteria": {
      "tick": "2024-07-15 23:09:59 +0000"
    },
    "done": true
  },
  "tombstone:adventure/root": {
    "criteria": {
      "auto": "2024-07-15 23:10:00 +0000"
    },
    "done": true
  },
  "DataVersion": 3465
}